/*
Sample Data
ySchool Database version 1.0.6
Details:
student: 426 sample entries (no blob photo data).
school: sample entry.
staff: 20 samples entries.
grade: Grade 6 to 13.
division: divisions A to F.
subjects: 11 subjects including 3 optional subjects.
modules: above 11 subjects assigned for grade 10 and 11 as modules.
classroom: 10 A-F and 11 A-F for current year as 2014.
classroom modules: all modules for grade 10 and 11 assigned to all 10 and 11 classrooms.
classroom_student: 426 students are assigned/distributed to 12 classrooms (10 A-F and 11 A-F).
student_classroom_module: six modules of optional subjects assigned to classroom_students.
*/


-- phpMyAdmin SQL Dump
-- version 3.4.9
-- http://www.phpmyadmin.net
--
-- Host: localhost
-- Generation Time: Jan 12, 2014 at 07:15 AM
-- Server version: 5.5.20
-- PHP Version: 5.3.9


SET FOREIGN_KEY_CHECKS=0;
SET SQL_MODE="NO_AUTO_VALUE_ON_ZERO";
SET AUTOCOMMIT=0;
START TRANSACTION;
SET time_zone = "+00:00";


/*!40101 SET @OLD_CHARACTER_SET_CLIENT=@@CHARACTER_SET_CLIENT */;
/*!40101 SET @OLD_CHARACTER_SET_RESULTS=@@CHARACTER_SET_RESULTS */;
/*!40101 SET @OLD_COLLATION_CONNECTION=@@COLLATION_CONNECTION */;
/*!40101 SET NAMES utf8 */;

--
-- Database: `yschool`
--

--
-- Dumping data for table `classroom`
--

REPLACE INTO `classroom` (`idclassroom`, `year`, `grade_idgrade`, `division_iddivision`, `section_idsection`, `modified_time`) VALUES
(1, 2014, 5, 1, NULL, '2014-01-12 05:17:41'),
(2, 2014, 5, 2, NULL, '2014-01-12 05:17:41'),
(3, 2014, 5, 3, NULL, '2014-01-12 05:17:41'),
(4, 2014, 5, 4, NULL, '2014-01-12 05:17:41'),
(5, 2014, 5, 5, NULL, '2014-01-12 05:17:41'),
(6, 2014, 5, 6, NULL, '2014-01-12 05:17:41'),
(7, 2014, 6, 1, NULL, '2014-01-12 05:17:41'),
(8, 2014, 6, 2, NULL, '2014-01-12 05:17:41'),
(9, 2014, 6, 3, NULL, '2014-01-12 05:17:41'),
(10, 2014, 6, 4, NULL, '2014-01-12 05:17:41'),
(11, 2014, 6, 5, NULL, '2014-01-12 05:17:41'),
(12, 2014, 6, 6, NULL, '2014-01-12 05:17:41');

--
-- Dumping data for table `classroom_module`
--

REPLACE INTO `classroom_module` (`idclassroom_module`, `classroom_idclassroom`, `module_idmodule`) VALUES
(1, 1, 1),
(2, 1, 2),
(3, 1, 3),
(4, 1, 4),
(5, 1, 5),
(6, 1, 6),
(7, 1, 7),
(8, 1, 8),
(9, 1, 9),
(10, 1, 10),
(11, 1, 11),
(12, 2, 1),
(13, 2, 2),
(14, 2, 3),
(15, 2, 4),
(16, 2, 5),
(17, 2, 6),
(18, 2, 7),
(19, 2, 8),
(20, 2, 9),
(21, 2, 10),
(22, 2, 11),
(23, 3, 1),
(24, 3, 2),
(25, 3, 3),
(26, 3, 4),
(27, 3, 5),
(28, 3, 6),
(29, 3, 7),
(30, 3, 8),
(31, 3, 9),
(32, 3, 10),
(33, 3, 11),
(34, 4, 1),
(35, 4, 2),
(36, 4, 3),
(37, 4, 4),
(38, 4, 5),
(39, 4, 6),
(40, 4, 7),
(41, 4, 8),
(42, 4, 9),
(43, 4, 10),
(44, 4, 11),
(45, 5, 1),
(46, 5, 2),
(47, 5, 3),
(48, 5, 4),
(49, 5, 5),
(50, 5, 6),
(51, 5, 7),
(52, 5, 8),
(53, 5, 9),
(54, 5, 10),
(55, 5, 11),
(56, 6, 1),
(57, 6, 2),
(58, 6, 3),
(59, 6, 4),
(60, 6, 5),
(61, 6, 6),
(62, 6, 7),
(63, 6, 8),
(64, 6, 9),
(65, 6, 10),
(66, 6, 11),
(67, 7, 12),
(68, 7, 13),
(69, 7, 14),
(70, 7, 15),
(71, 7, 16),
(72, 7, 17),
(73, 7, 18),
(74, 7, 19),
(75, 7, 20),
(76, 7, 21),
(77, 7, 22),
(78, 8, 12),
(79, 8, 13),
(80, 8, 14),
(81, 8, 15),
(82, 8, 16),
(83, 8, 17),
(84, 8, 18),
(85, 8, 19),
(86, 8, 20),
(87, 8, 21),
(88, 8, 22),
(89, 9, 12),
(90, 9, 13),
(91, 9, 14),
(92, 9, 15),
(93, 9, 16),
(94, 9, 17),
(95, 9, 18),
(96, 9, 19),
(97, 9, 20),
(98, 9, 21),
(99, 9, 22),
(100, 10, 12),
(101, 10, 13),
(102, 10, 14),
(103, 10, 15),
(104, 10, 16),
(105, 10, 17),
(106, 10, 18),
(107, 10, 19),
(108, 10, 20),
(109, 10, 21),
(110, 10, 22),
(111, 11, 12),
(112, 11, 13),
(113, 11, 14),
(114, 11, 15),
(115, 11, 16),
(116, 11, 17),
(117, 11, 18),
(118, 11, 19),
(119, 11, 20),
(120, 11, 21),
(121, 11, 22),
(122, 12, 12),
(123, 12, 13),
(124, 12, 14),
(125, 12, 15),
(126, 12, 16),
(127, 12, 17),
(128, 12, 18),
(129, 12, 19),
(130, 12, 20),
(131, 12, 21),
(132, 12, 22);

--
-- Dumping data for table `classroom_student`
--

REPLACE INTO `classroom_student` (`idclassroom_student`, `student_idstudent`, `classroom_idclassroom`) VALUES
(1, 1, 1),
(2, 2, 1),
(3, 3, 1),
(4, 4, 1),
(5, 5, 1),
(6, 6, 1),
(7, 7, 1),
(8, 8, 1),
(9, 9, 1),
(10, 10, 1),
(11, 11, 1),
(12, 12, 1),
(13, 13, 1),
(14, 14, 1),
(15, 15, 1),
(16, 16, 1),
(17, 17, 1),
(18, 18, 1),
(19, 19, 1),
(20, 20, 1),
(21, 21, 1),
(22, 22, 1),
(23, 23, 1),
(24, 24, 1),
(25, 25, 1),
(26, 26, 1),
(27, 27, 1),
(28, 28, 1),
(29, 29, 1),
(30, 30, 1),
(31, 31, 1),
(32, 32, 1),
(33, 33, 1),
(34, 34, 2),
(35, 35, 2),
(36, 36, 2),
(37, 37, 2),
(38, 38, 2),
(39, 39, 2),
(40, 40, 2),
(41, 41, 2),
(42, 42, 2),
(43, 43, 2),
(44, 44, 2),
(45, 45, 2),
(46, 46, 2),
(47, 47, 2),
(48, 48, 2),
(49, 49, 2),
(50, 50, 2),
(51, 51, 2),
(52, 52, 2),
(53, 53, 2),
(54, 54, 2),
(55, 55, 2),
(56, 56, 2),
(57, 57, 2),
(58, 58, 2),
(59, 59, 2),
(60, 60, 2),
(61, 61, 2),
(62, 62, 2),
(63, 63, 2),
(64, 64, 2),
(65, 65, 3),
(66, 66, 3),
(67, 67, 3),
(68, 68, 3),
(69, 69, 3),
(70, 70, 3),
(71, 71, 3),
(72, 72, 3),
(73, 73, 3),
(74, 74, 3),
(75, 75, 3),
(76, 76, 3),
(77, 77, 3),
(78, 78, 3),
(79, 79, 3),
(80, 80, 3),
(81, 81, 3),
(82, 82, 3),
(83, 83, 3),
(84, 84, 3),
(85, 85, 3),
(86, 86, 3),
(87, 87, 3),
(88, 88, 3),
(89, 89, 3),
(90, 90, 3),
(91, 91, 3),
(92, 92, 3),
(93, 93, 3),
(94, 94, 3),
(95, 95, 3),
(96, 96, 3),
(97, 97, 3),
(98, 98, 4),
(99, 99, 4),
(100, 100, 4),
(101, 101, 4),
(102, 102, 4),
(103, 103, 4),
(104, 104, 4),
(105, 105, 4),
(106, 106, 4),
(107, 107, 4),
(108, 108, 4),
(109, 109, 4),
(110, 110, 4),
(111, 111, 4),
(112, 112, 4),
(113, 113, 4),
(114, 114, 4),
(115, 115, 4),
(116, 116, 4),
(117, 117, 4),
(118, 118, 4),
(119, 119, 4),
(120, 120, 4),
(121, 121, 4),
(122, 122, 4),
(123, 123, 4),
(124, 124, 4),
(125, 125, 4),
(126, 126, 4),
(127, 127, 4),
(128, 128, 4),
(129, 129, 4),
(130, 130, 4),
(131, 131, 4),
(132, 132, 4),
(133, 133, 4),
(134, 134, 4),
(135, 135, 5),
(136, 136, 5),
(137, 137, 5),
(138, 138, 5),
(139, 139, 5),
(140, 140, 5),
(141, 141, 5),
(142, 142, 5),
(143, 143, 5),
(144, 144, 5),
(145, 145, 5),
(146, 146, 5),
(147, 147, 5),
(148, 148, 5),
(149, 149, 5),
(150, 150, 5),
(151, 151, 5),
(152, 152, 5),
(153, 153, 5),
(154, 154, 5),
(155, 155, 5),
(156, 156, 5),
(157, 157, 5),
(158, 158, 5),
(159, 159, 5),
(160, 160, 5),
(161, 161, 5),
(162, 162, 6),
(163, 163, 6),
(164, 164, 6),
(165, 165, 6),
(166, 166, 6),
(167, 167, 6),
(168, 168, 6),
(169, 169, 6),
(170, 170, 6),
(171, 171, 6),
(172, 172, 6),
(173, 173, 6),
(174, 174, 6),
(175, 175, 6),
(176, 176, 6),
(177, 177, 6),
(178, 178, 6),
(179, 179, 6),
(180, 180, 6),
(181, 181, 6),
(182, 182, 6),
(183, 183, 6),
(184, 184, 6),
(185, 185, 6),
(186, 186, 6),
(187, 187, 6),
(188, 188, 6),
(189, 189, 6),
(190, 190, 6),
(191, 191, 6),
(192, 192, 6),
(193, 193, 6),
(194, 194, 6),
(195, 195, 6),
(196, 196, 6),
(197, 197, 6),
(198, 198, 6),
(199, 199, 6),
(200, 200, 7),
(201, 201, 7),
(202, 202, 7),
(203, 203, 7),
(204, 204, 7),
(205, 205, 7),
(206, 206, 7),
(207, 207, 7),
(208, 208, 7),
(209, 209, 7),
(210, 210, 7),
(211, 211, 7),
(212, 212, 7),
(213, 213, 7),
(214, 214, 7),
(215, 215, 7),
(216, 216, 7),
(217, 217, 7),
(218, 218, 7),
(219, 219, 7),
(220, 220, 7),
(221, 221, 7),
(222, 222, 7),
(223, 223, 7),
(224, 224, 7),
(225, 225, 7),
(226, 226, 7),
(227, 227, 7),
(228, 228, 7),
(229, 229, 7),
(230, 230, 7),
(231, 231, 7),
(232, 232, 7),
(233, 233, 7),
(234, 234, 7),
(235, 235, 7),
(236, 236, 7),
(237, 237, 8),
(238, 238, 8),
(239, 239, 8),
(240, 240, 8),
(241, 241, 8),
(242, 242, 8),
(243, 243, 8),
(244, 244, 8),
(245, 245, 8),
(246, 246, 8),
(247, 247, 8),
(248, 248, 8),
(249, 249, 8),
(250, 250, 8),
(251, 251, 8),
(252, 252, 8),
(253, 253, 8),
(254, 254, 8),
(255, 255, 8),
(256, 256, 8),
(257, 257, 8),
(258, 258, 8),
(259, 259, 8),
(260, 260, 8),
(261, 261, 8),
(262, 262, 8),
(263, 263, 8),
(264, 264, 8),
(265, 265, 8),
(266, 266, 8),
(267, 267, 8),
(268, 268, 8),
(269, 269, 8),
(270, 270, 8),
(271, 271, 8),
(272, 272, 9),
(273, 273, 9),
(274, 274, 9),
(275, 275, 9),
(276, 276, 9),
(277, 277, 9),
(278, 278, 9),
(279, 279, 9),
(280, 280, 9),
(281, 281, 9),
(282, 282, 9),
(283, 283, 9),
(284, 284, 9),
(285, 285, 9),
(286, 286, 9),
(287, 287, 9),
(288, 288, 9),
(289, 289, 9),
(290, 290, 9),
(291, 291, 9),
(292, 292, 9),
(293, 293, 9),
(294, 294, 9),
(295, 295, 9),
(296, 296, 9),
(297, 297, 9),
(298, 298, 9),
(299, 299, 9),
(300, 300, 9),
(301, 301, 9),
(302, 302, 9),
(303, 303, 9),
(304, 304, 9),
(305, 305, 9),
(306, 306, 9),
(307, 307, 9),
(308, 308, 9),
(309, 309, 9),
(310, 310, 9),
(311, 311, 10),
(312, 312, 10),
(313, 313, 10),
(314, 314, 10),
(315, 315, 10),
(316, 316, 10),
(317, 317, 10),
(318, 318, 10),
(319, 319, 10),
(320, 320, 10),
(321, 321, 10),
(322, 322, 10),
(323, 323, 10),
(324, 324, 10),
(325, 325, 10),
(326, 326, 10),
(327, 327, 10),
(328, 328, 10),
(329, 329, 10),
(330, 330, 10),
(331, 331, 10),
(332, 332, 10),
(333, 333, 10),
(334, 334, 10),
(335, 335, 10),
(336, 336, 10),
(337, 337, 10),
(338, 338, 10),
(339, 339, 10),
(340, 340, 10),
(341, 341, 10),
(342, 342, 10),
(343, 343, 10),
(344, 344, 10),
(345, 345, 10),
(346, 346, 10),
(347, 347, 11),
(348, 348, 11),
(349, 349, 11),
(350, 350, 11),
(351, 351, 11),
(352, 352, 11),
(353, 353, 11),
(354, 354, 11),
(355, 355, 11),
(356, 356, 11),
(357, 357, 11),
(358, 358, 11),
(359, 359, 11),
(360, 360, 11),
(361, 361, 11),
(362, 362, 11),
(363, 363, 11),
(364, 364, 11),
(365, 365, 11),
(366, 366, 11),
(367, 367, 11),
(368, 368, 11),
(369, 369, 11),
(370, 370, 11),
(371, 371, 11),
(372, 372, 11),
(373, 373, 11),
(374, 374, 11),
(375, 375, 11),
(376, 376, 11),
(377, 377, 11),
(378, 378, 11),
(379, 379, 11),
(380, 380, 11),
(381, 381, 11),
(382, 382, 11),
(383, 383, 11),
(384, 384, 11),
(385, 385, 11),
(386, 386, 11),
(387, 387, 11),
(388, 388, 11),
(389, 389, 11),
(390, 390, 11),
(391, 391, 11),
(392, 392, 11),
(393, 393, 12),
(394, 394, 12),
(395, 395, 12),
(396, 396, 12),
(397, 397, 12),
(398, 398, 12),
(399, 399, 12),
(400, 400, 12),
(401, 401, 12),
(402, 402, 12),
(403, 403, 12),
(404, 404, 12),
(405, 405, 12),
(406, 406, 12),
(407, 407, 12),
(408, 408, 12),
(409, 409, 12),
(410, 410, 12),
(411, 411, 12),
(412, 412, 12),
(413, 413, 12),
(414, 414, 12),
(415, 415, 12),
(416, 416, 12),
(417, 417, 12),
(418, 418, 12),
(419, 419, 12),
(420, 420, 12),
(421, 421, 12),
(422, 422, 12),
(423, 423, 12),
(424, 424, 12),
(425, 425, 12),
(426, 426, 12);

--
-- Dumping data for table `division`
--

REPLACE INTO `division` (`iddivision`, `division`) VALUES
(1, 'A'),
(2, 'B'),
(3, 'C'),
(4, 'D'),
(5, 'E'),
(6, 'F'),
(7, 'Physical Science'),
(8, 'Biological Science'),
(9, 'Arts'),
(10, 'Commerce'),
(11, 'Unknown');

--
-- Dumping data for table `exam_type`
--

REPLACE INTO `exam_type` (`idexam_type`, `type_name`) VALUES
(1, 'CONTINUOUS ASSESSMENT'),
(2, 'TERM EXAM'),
(3, 'GENERAL EXAM');

--
-- Dumping data for table `grade`
--

REPLACE INTO `grade` (`idgrade`, `grade`) VALUES
(1, 6),
(2, 7),
(3, 8),
(4, 9),
(5, 10),
(6, 11),
(7, 12),
(8, 13);

--
-- Dumping data for table `module`
--

REPLACE INTO `module` (`idmodule`, `subject_idsubject`, `grade_idgrade`, `is_optional`, `modified_time`) VALUES
(1, 1, 5, 0, '2014-01-12 05:58:33'),
(2, 2, 5, 0, '2014-01-12 05:58:33'),
(3, 3, 5, 0, '2014-01-12 05:58:33'),
(4, 4, 5, 0, '2014-01-12 05:58:33'),
(5, 5, 5, 0, '2014-01-12 05:58:33'),
(6, 6, 5, 0, '2014-01-12 05:58:33'),
(7, 7, 5, 0, '2014-01-12 05:58:33'),
(8, 8, 5, 0, '2014-01-12 05:58:33'),
(9, 9, 5, 1, '2014-01-12 05:58:34'),
(10, 10, 5, 1, '2014-01-12 05:58:34'),
(11, 11, 5, 1, '2014-01-12 05:58:34'),
(12, 1, 6, 0, '2014-01-12 05:58:34'),
(13, 2, 6, 0, '2014-01-12 05:58:34'),
(14, 3, 6, 0, '2014-01-12 05:58:34'),
(15, 4, 6, 0, '2014-01-12 05:58:34'),
(16, 5, 6, 0, '2014-01-12 05:58:34'),
(17, 6, 6, 0, '2014-01-12 05:58:34'),
(18, 7, 6, 0, '2014-01-12 05:58:34'),
(19, 8, 6, 0, '2014-01-12 05:58:34'),
(20, 9, 6, 1, '2014-01-12 05:58:34'),
(21, 10, 6, 1, '2014-01-12 05:58:34'),
(22, 11, 6, 1, '2014-01-12 05:58:34');

--
-- Dumping data for table `school`
--

REPLACE INTO `school` (`idschool`, `name`, `school_no`, `address`, `zone`, `district`, `province`, `app_key`, `modified_time`) VALUES
(1, 'The Sample ySchool Name', 921084, 'Address Only 45 Chars, have to Change', 'Sample Some', 'Sample Disctict', 'Sample Province', 'Sample App Key', '2014-01-12 00:48:41');

--
-- Dumping data for table `staff`
--

REPLACE INTO `staff` (`idstaff`, `staffID`, `name`, `full_name`, `photo`, `modified_time`) VALUES
(1, '144401', 'Lavan', 'Abiram Lavan', NULL, '2014-01-12 01:24:40'),
(2, '144402', 'Thiluxshan', 'Keerthikan Thiluxshan', NULL, '2014-01-12 01:24:40'),
(3, '144403', 'Nivethan', 'Varajith Nivethan', NULL, '2014-01-12 01:24:40'),
(4, '144404', 'Thivjan', 'Sivamainthan Thivjan', NULL, '2014-01-12 01:24:40'),
(5, '144405', 'Jathirshan', 'Karththeepan Jathirshan', NULL, '2014-01-12 01:24:40'),
(6, '144406', 'Ganabalan', 'Thushanthan Ganabalan', NULL, '2014-01-12 01:24:40'),
(7, '144407', 'Jatheesan', 'Hariharan Jatheesan', NULL, '2014-01-12 01:24:40'),
(8, '144408', 'Mayooran', 'Venujan Mayooran', NULL, '2014-01-12 01:24:40'),
(9, '144409', 'Paraparan', 'Sivaneeban Paraparan', NULL, '2014-01-12 01:24:40'),
(10, '144410', 'Thulasiram', 'Nirogajan Thulasiram', NULL, '2014-01-12 01:24:40'),
(11, '144411', 'Tharshan', 'Pirashanth Tharshan', NULL, '2014-01-12 01:24:40'),
(12, '144412', 'Dakshan', 'Vakeesan Dakshan', NULL, '2014-01-12 01:24:40'),
(13, '144413', 'Gajanan', 'Sabesan Gajanan', NULL, '2014-01-12 01:24:40'),
(14, '144414', 'Vithusan', 'Thiripuran Vithusan', NULL, '2014-01-12 01:24:40'),
(15, '144415', 'Sarukan', 'Vamaran Sarukan', NULL, '2014-01-12 01:24:40'),
(16, '144416', 'Prasanth', 'Janarthanan Prasanth', NULL, '2014-01-12 01:24:40'),
(17, '144417', 'Tharmikan', 'Sinthujan Tharmikan', NULL, '2014-01-12 01:24:40'),
(18, '144418', 'Shutharshan', 'Jananeetharan Shutharshan', NULL, '2014-01-12 01:24:40'),
(19, '144419', 'Kiriparan', 'Kajaprathap Kiriparan', NULL, '2014-01-12 01:24:40'),
(20, '144420', 'Nakanarththanan', 'Kajaluxshan Nakanarththanan', NULL, '2014-01-12 01:24:40');

--
-- Dumping data for table `student`
--

REPLACE INTO `student` (`idstudent`, `admission_no`, `name`, `full_name`, `name_wt_initial`, `dob`, `gender`, `address`, `photo`, `modified_time`) VALUES
(1, '23001', 'Achuthan', 'Achuthan Puaparaja', 'P. Achuthan', '1997-05-20', 'm', '999/99, 8D Street Name comes here,\nLine2 lane name here,\nReagon and/or City\nCountry.', NULL, '2014-01-11 20:36:58'),
(2, '23002', 'Paranika ', 'Paranika  Pathmarasa', 'P. Paranika', '1997-07-29', 'f', '999/99, 8D Street Name comes here,\nLine2 lane name here,\nReagon and/or City\nCountry.', NULL, '2014-01-11 20:36:58'),
(3, '23003', 'Venijan', 'Venijan Panchacheram', 'P. Venijan', '1997-10-17', 'm', '999/99, 8D Street Name comes here,\nLine2 lane name here,\nReagon and/or City\nCountry.', NULL, '2014-01-11 20:36:58'),
(4, '23004', 'Kobiga ', 'Kobiga  Gunapalan', 'G. Kobiga', '1997-10-03', 'f', '999/99, 8D Street Name comes here,\nLine2 lane name here,\nReagon and/or City\nCountry.', NULL, '2014-01-11 20:36:58'),
(5, '23005', 'Sivaneban', 'Sivaneban Parthipan', 'P. Sivaneban', '1997-06-23', 'm', '999/99, 8D Street Name comes here,\nLine2 lane name here,\nReagon and/or City\nCountry.', NULL, '2014-01-11 20:36:58'),
(6, '23006', 'Arithan', 'Arithan Sajanthan', 'S. Arithan', '1997-08-07', 'm', '999/99, 8D Street Name comes here,\nLine2 lane name here,\nReagon and/or City\nCountry.', NULL, '2014-01-11 20:36:58'),
(7, '23007', 'Thushara ', 'Thushara  Jeyakanesh', 'J. Thushara', '1997-09-11', 'f', '999/99, 8D Street Name comes here,\nLine2 lane name here,\nReagon and/or City\nCountry.', NULL, '2014-01-11 20:36:58'),
(8, '23008', 'Gowthami ', 'Gowthami  Sivarajah', 'S. Gowthami', '1997-11-18', 'f', '999/99, 8D Street Name comes here,\nLine2 lane name here,\nReagon and/or City\nCountry.', NULL, '2014-01-11 20:36:58'),
(9, '23009', 'Rubini ', 'Rubini  Jananthan', 'J. Rubini', '1997-01-25', 'f', '999/99, 8D Street Name comes here,\nLine2 lane name here,\nReagon and/or City\nCountry.', NULL, '2014-01-11 20:36:59'),
(10, '23010', 'Keerthika ', 'Keerthika  Nanthanan', 'N. Keerthika', '1997-08-26', 'f', '999/99, 8D Street Name comes here,\nLine2 lane name here,\nReagon and/or City\nCountry.', NULL, '2014-01-11 20:36:59'),
(11, '23011', 'Magilan', 'Magilan Nishanthan', 'N. Magilan', '1997-04-23', 'm', '999/99, 8D Street Name comes here,\nLine2 lane name here,\nReagon and/or City\nCountry.', NULL, '2014-01-11 20:36:59'),
(12, '23012', 'Sajeevan', 'Sajeevan Santhananthsivam', 'S. Sajeevan', '1997-04-20', 'm', '999/99, 8D Street Name comes here,\nLine2 lane name here,\nReagon and/or City\nCountry.', NULL, '2014-01-11 20:36:59'),
(13, '23013', 'Thusyanthi ', 'Thusyanthi  Kalithas', 'K. Thusyanthi', '1997-06-09', 'f', '999/99, 8D Street Name comes here,\nLine2 lane name here,\nReagon and/or City\nCountry.', NULL, '2014-01-11 20:36:59'),
(14, '23014', 'Niruba ', 'Niruba  Thevakumaran', 'T. Niruba', '1997-09-08', 'f', '999/99, 8D Street Name comes here,\nLine2 lane name here,\nReagon and/or City\nCountry.', NULL, '2014-01-11 20:36:59'),
(15, '23015', 'Thiripuran', 'Thiripuran Sangeeth', 'S. Thiripuran', '1997-03-29', 'm', '999/99, 8D Street Name comes here,\nLine2 lane name here,\nReagon and/or City\nCountry.', NULL, '2014-01-11 20:36:59'),
(16, '23016', 'Seyon', 'Seyon Thayananthan', 'T. Seyon', '1997-11-28', 'm', '999/99, 8D Street Name comes here,\nLine2 lane name here,\nReagon and/or City\nCountry.', NULL, '2014-01-11 20:36:59'),
(17, '23017', 'Thanusiyan', 'Thanusiyan Selvasingam', 'S. Thanusiyan', '1997-01-25', 'm', '999/99, 8D Street Name comes here,\nLine2 lane name here,\nReagon and/or City\nCountry.', NULL, '2014-01-11 20:36:59'),
(18, '23018', 'Anujan', 'Anujan Kailasapilai', 'K. Anujan', '1997-07-27', 'm', '999/99, 8D Street Name comes here,\nLine2 lane name here,\nReagon and/or City\nCountry.', NULL, '2014-01-11 20:36:59'),
(19, '23019', 'Keerthikan', 'Keerthikan Thangarah', 'T. Keerthikan', '1997-10-26', 'm', '999/99, 8D Street Name comes here,\nLine2 lane name here,\nReagon and/or City\nCountry.', NULL, '2014-01-11 20:36:59'),
(20, '23020', 'Kajeeban', 'Kajeeban Priyavarun', 'P. Kajeeban', '1997-07-09', 'm', '999/99, 8D Street Name comes here,\nLine2 lane name here,\nReagon and/or City\nCountry.', NULL, '2014-01-11 20:36:59'),
(21, '23021', 'Jathursan', 'Jathursan Antanieuvarajh', 'A. Jathursan', '1997-03-19', 'm', '999/99, 8D Street Name comes here,\nLine2 lane name here,\nReagon and/or City\nCountry.', NULL, '2014-01-11 20:36:59'),
(22, '23022', 'Pirenthika ', 'Pirenthika  Sathiyaseelan', 'S. Pirenthika', '1997-04-02', 'f', '999/99, 8D Street Name comes here,\nLine2 lane name here,\nReagon and/or City\nCountry.', NULL, '2014-01-11 20:36:59'),
(23, '23023', 'Nirujan', 'Nirujan Mohanraj', 'M. Nirujan', '1997-10-23', 'm', '999/99, 8D Street Name comes here,\nLine2 lane name here,\nReagon and/or City\nCountry.', NULL, '2014-01-11 20:36:59'),
(24, '23024', 'Kajenthini ', 'Kajenthini  Sutharshan', 'S. Kajenthini', '1997-02-02', 'f', '999/99, 8D Street Name comes here,\nLine2 lane name here,\nReagon and/or City\nCountry.', NULL, '2014-01-11 20:36:59'),
(25, '23025', 'Vikunthan', 'Vikunthan Anathalingam', 'A. Vikunthan', '1997-11-16', 'm', '999/99, 8D Street Name comes here,\nLine2 lane name here,\nReagon and/or City\nCountry.', NULL, '2014-01-11 20:36:59'),
(26, '23026', 'Naveenan', 'Naveenan Ragul', 'R. Naveenan', '1997-01-25', 'm', '999/99, 8D Street Name comes here,\nLine2 lane name here,\nReagon and/or City\nCountry.', NULL, '2014-01-11 20:36:59'),
(27, '23027', 'Amutheesan', 'Amutheesan Srikumar', 'S. Amutheesan', '1997-06-10', 'm', '999/99, 8D Street Name comes here,\nLine2 lane name here,\nReagon and/or City\nCountry.', NULL, '2014-01-11 20:36:59'),
(28, '23028', 'Thulasy ', 'Thulasy  Sarmilan', 'S. Thulasy', '1997-11-04', 'f', '999/99, 8D Street Name comes here,\nLine2 lane name here,\nReagon and/or City\nCountry.', NULL, '2014-01-11 20:36:59'),
(29, '23029', 'Arulini ', 'Arulini  Sivaganachelvan', 'S. Arulini', '1997-11-02', 'f', '999/99, 8D Street Name comes here,\nLine2 lane name here,\nReagon and/or City\nCountry.', NULL, '2014-01-11 20:36:59'),
(30, '23030', 'Pavarthursan', 'Pavarthursan Puvisan', 'P. Pavarthursan', '1997-03-04', 'm', '999/99, 8D Street Name comes here,\nLine2 lane name here,\nReagon and/or City\nCountry.', NULL, '2014-01-11 20:36:59'),
(31, '23031', 'Thenugan', 'Thenugan Paheeran', 'P. Thenugan', '1997-10-26', 'm', '999/99, 8D Street Name comes here,\nLine2 lane name here,\nReagon and/or City\nCountry.', NULL, '2014-01-11 20:37:00'),
(32, '23032', 'Vithushan', 'Vithushan Muththuraja', 'M. Vithushan', '1997-08-16', 'm', '999/99, 8D Street Name comes here,\nLine2 lane name here,\nReagon and/or City\nCountry.', NULL, '2014-01-11 20:37:00'),
(33, '23033', 'Baviththira ', 'Baviththira  Jeyakumar', 'J. Baviththira', '1997-01-03', 'f', '999/99, 8D Street Name comes here,\nLine2 lane name here,\nReagon and/or City\nCountry.', NULL, '2014-01-11 20:37:00'),
(34, '23034', 'Praveena ', 'Praveena  Menalanan', 'M. Praveena', '1997-04-24', 'f', '999/99, 8D Street Name comes here,\nLine2 lane name here,\nReagon and/or City\nCountry.', NULL, '2014-01-11 20:37:00'),
(35, '23035', 'Janarthanan', 'Janarthanan Juvaraj', 'J. Janarthanan', '1997-05-21', 'm', '999/99, 8D Street Name comes here,\nLine2 lane name here,\nReagon and/or City\nCountry.', NULL, '2014-01-11 20:37:00'),
(36, '23036', 'Sinthuja ', 'Sinthuja  Tharakulan', 'T. Sinthuja', '1997-02-27', 'f', '999/99, 8D Street Name comes here,\nLine2 lane name here,\nReagon and/or City\nCountry.', NULL, '2014-01-11 20:37:00'),
(37, '23037', 'Yathusan', 'Yathusan Sarangan', 'S. Yathusan', '1997-09-13', 'm', '999/99, 8D Street Name comes here,\nLine2 lane name here,\nReagon and/or City\nCountry.', NULL, '2014-01-11 20:37:00'),
(38, '23038', 'Visoban', 'Visoban Miukesh', 'M. Visoban', '1997-03-08', 'm', '999/99, 8D Street Name comes here,\nLine2 lane name here,\nReagon and/or City\nCountry.', NULL, '2014-01-11 20:37:00'),
(39, '23039', 'Kuruparan', 'Kuruparan Kaneshalingam', 'K. Kuruparan', '1997-09-02', 'm', '999/99, 8D Street Name comes here,\nLine2 lane name here,\nReagon and/or City\nCountry.', NULL, '2014-01-11 20:37:00'),
(40, '23040', 'Revathi ', 'Revathi  Markoda', 'M. Revathi', '1997-08-05', 'f', '999/99, 8D Street Name comes here,\nLine2 lane name here,\nReagon and/or City\nCountry.', NULL, '2014-01-11 20:37:00'),
(41, '23041', 'Ragul', 'Ragul Sruthasan', 'S. Ragul', '1997-03-05', 'm', '999/99, 8D Street Name comes here,\nLine2 lane name here,\nReagon and/or City\nCountry.', NULL, '2014-01-11 20:37:00'),
(42, '23042', 'Palakiyan', 'Palakiyan Kavinthan', 'K. Palakiyan', '1997-10-05', 'm', '999/99, 8D Street Name comes here,\nLine2 lane name here,\nReagon and/or City\nCountry.', NULL, '2014-01-11 20:37:00'),
(43, '23043', 'Geresiga ', 'Geresiga  Parthipan', 'P. Geresiga', '1997-07-22', 'f', '999/99, 8D Street Name comes here,\nLine2 lane name here,\nReagon and/or City\nCountry.', NULL, '2014-01-11 20:37:00'),
(44, '23044', 'Keerthika ', 'Keerthika  Jasinthan', 'J. Keerthika', '1997-10-09', 'f', '999/99, 8D Street Name comes here,\nLine2 lane name here,\nReagon and/or City\nCountry.', NULL, '2014-01-11 20:37:00'),
(45, '23045', 'Nirokajan', 'Nirokajan Jayanthan', 'J. Nirokajan', '1997-04-12', 'm', '999/99, 8D Street Name comes here,\nLine2 lane name here,\nReagon and/or City\nCountry.', NULL, '2014-01-11 20:37:00'),
(46, '23046', 'Anushika ', 'Anushika  Kirushnathasan', 'K. Anushika', '1997-05-05', 'f', '999/99, 8D Street Name comes here,\nLine2 lane name here,\nReagon and/or City\nCountry.', NULL, '2014-01-11 20:37:00'),
(47, '23047', 'Sangeetha ', 'Sangeetha  Mathushan', 'M. Sangeetha', '1997-07-07', 'f', '999/99, 8D Street Name comes here,\nLine2 lane name here,\nReagon and/or City\nCountry.', NULL, '2014-01-11 20:37:00'),
(48, '23048', 'Tharsika ', 'Tharsika  Sasikaran', 'S. Tharsika', '1997-03-27', 'f', '999/99, 8D Street Name comes here,\nLine2 lane name here,\nReagon and/or City\nCountry.', NULL, '2014-01-11 20:37:00'),
(49, '23049', 'Sujeeevan', 'Sujeeevan Kokilasanth', 'K. Sujeeevan', '1997-02-21', 'm', '999/99, 8D Street Name comes here,\nLine2 lane name here,\nReagon and/or City\nCountry.', NULL, '2014-01-11 20:37:00'),
(50, '23050', 'Duxshan', 'Duxshan Palaraasan', 'P. Duxshan', '1997-11-11', 'm', '999/99, 8D Street Name comes here,\nLine2 lane name here,\nReagon and/or City\nCountry.', NULL, '2014-01-11 20:37:00'),
(51, '23051', 'Prasath', 'Prasath Krishnakumar', 'K. Prasath', '1997-08-26', 'f', '999/99, 8D Street Name comes here,\nLine2 lane name here,\nReagon and/or City\nCountry.', NULL, '2014-01-11 20:37:00'),
(52, '23052', 'Kabilnath', 'Kabilnath Mahendrarajah', 'M. Kabilnath', '1997-07-23', 'f', '999/99, 8D Street Name comes here,\nLine2 lane name here,\nReagon and/or City\nCountry.', NULL, '2014-01-11 20:37:00'),
(53, '23053', 'Kesavarthan', 'Kesavarthan Mahadevan', 'M. Kesavarthan', '1997-09-30', 'm', '999/99, 8D Street Name comes here,\nLine2 lane name here,\nReagon and/or City\nCountry.', NULL, '2014-01-11 20:37:00'),
(54, '23054', 'Kirushnan', 'Kirushnan Sribavan', 'S. Kirushnan', '1997-07-23', 'm', '999/99, 8D Street Name comes here,\nLine2 lane name here,\nReagon and/or City\nCountry.', NULL, '2014-01-11 20:37:00'),
(55, '23055', 'Sinthika ', 'Sinthika  Jenin', 'J. Sinthika', '1997-10-18', 'f', '999/99, 8D Street Name comes here,\nLine2 lane name here,\nReagon and/or City\nCountry.', NULL, '2014-01-11 20:37:01'),
(56, '23056', 'Sinthuja ', 'Sinthuja  Jeyasingam', 'J. Sinthuja', '1997-08-09', 'f', '999/99, 8D Street Name comes here,\nLine2 lane name here,\nReagon and/or City\nCountry.', NULL, '2014-01-11 20:37:01'),
(57, '23057', 'Thanojini ', 'Thanojini  Jeyaseelan', 'J. Thanojini', '1997-06-26', 'f', '999/99, 8D Street Name comes here,\nLine2 lane name here,\nReagon and/or City\nCountry.', NULL, '2014-01-11 20:37:01'),
(58, '23058', 'Meera ', 'Meera  Kavaaskar', 'K. Meera', '1997-03-25', 'f', '999/99, 8D Street Name comes here,\nLine2 lane name here,\nReagon and/or City\nCountry.', NULL, '2014-01-11 20:37:01'),
(59, '23059', 'Thurkkajini ', 'Thurkkajini  Kumaran', 'K. Thurkkajini', '1997-04-26', 'f', '999/99, 8D Street Name comes here,\nLine2 lane name here,\nReagon and/or City\nCountry.', NULL, '2014-01-11 20:37:01'),
(60, '23060', 'Kirushanth', 'Kirushanth Hareenthiran', 'H. Kirushanth', '1997-02-10', 'm', '999/99, 8D Street Name comes here,\nLine2 lane name here,\nReagon and/or City\nCountry.', NULL, '2014-01-11 20:37:01'),
(61, '23061', 'Thivijan', 'Thivijan Amutheesan', 'A. Thivijan', '1997-02-23', 'm', '999/99, 8D Street Name comes here,\nLine2 lane name here,\nReagon and/or City\nCountry.', NULL, '2014-01-11 20:37:01'),
(62, '23062', 'Kiriharan', 'Kiriharan Srijeyabavan', 'S. Kiriharan', '1997-12-01', 'm', '999/99, 8D Street Name comes here,\nLine2 lane name here,\nReagon and/or City\nCountry.', NULL, '2014-01-11 20:37:01'),
(63, '23063', 'Sinthujan', 'Sinthujan Kanesalingam', 'K. Sinthujan', '1997-09-10', 'm', '999/99, 8D Street Name comes here,\nLine2 lane name here,\nReagon and/or City\nCountry.', NULL, '2014-01-11 20:37:01'),
(64, '23064', 'Mathura ', 'Mathura  Kumarathevan', 'K. Mathura', '1997-06-01', 'f', '999/99, 8D Street Name comes here,\nLine2 lane name here,\nReagon and/or City\nCountry.', NULL, '2014-01-11 20:37:01'),
(65, '23065', 'Niroja ', 'Niroja  Nakeeran', 'N. Niroja', '1997-12-07', 'f', '999/99, 8D Street Name comes here,\nLine2 lane name here,\nReagon and/or City\nCountry.', NULL, '2014-01-11 20:37:01'),
(66, '23066', 'Sabesan', 'Sabesan Gopithan', 'G. Sabesan', '1997-08-25', 'm', '999/99, 8D Street Name comes here,\nLine2 lane name here,\nReagon and/or City\nCountry.', NULL, '2014-01-11 20:37:01'),
(67, '23067', 'Varjini ', 'Varjini  Krishnakopal', 'K. Varjini', '1997-03-23', 'f', '999/99, 8D Street Name comes here,\nLine2 lane name here,\nReagon and/or City\nCountry.', NULL, '2014-01-11 20:37:01'),
(68, '23068', 'Kiruthika ', 'Kiruthika  Tency', 'T. Kiruthika', '1997-05-23', 'f', '999/99, 8D Street Name comes here,\nLine2 lane name here,\nReagon and/or City\nCountry.', NULL, '2014-01-11 20:37:01'),
(69, '23069', 'Sampavi ', 'Sampavi  Vigneswaran', 'V. Sampavi', '1997-02-28', 'f', '999/99, 8D Street Name comes here,\nLine2 lane name here,\nReagon and/or City\nCountry.', NULL, '2014-01-11 20:37:01'),
(70, '23070', 'Tharakulan', 'Tharakulan Nirujan', 'N. Tharakulan', '1997-11-30', 'm', '999/99, 8D Street Name comes here,\nLine2 lane name here,\nReagon and/or City\nCountry.', NULL, '2014-01-11 20:37:01'),
(71, '23071', 'Majuri ', 'Majuri  Vaageesan', 'V. Majuri', '1997-11-30', 'f', '999/99, 8D Street Name comes here,\nLine2 lane name here,\nReagon and/or City\nCountry.', NULL, '2014-01-11 20:37:01'),
(72, '23072', 'Nirogi ', 'Nirogi  Muruganantham', 'M. Nirogi', '1997-09-15', 'f', '999/99, 8D Street Name comes here,\nLine2 lane name here,\nReagon and/or City\nCountry.', NULL, '2014-01-11 20:37:01'),
(73, '23073', 'Nishanthan', 'Nishanthan Vettivel', 'V. Nishanthan', '1997-07-05', 'm', '999/99, 8D Street Name comes here,\nLine2 lane name here,\nReagon and/or City\nCountry.', NULL, '2014-01-11 20:37:01'),
(74, '23074', 'Karthika ', 'Karthika  Kulatheepan', 'K. Karthika', '1997-06-04', 'f', '999/99, 8D Street Name comes here,\nLine2 lane name here,\nReagon and/or City\nCountry.', NULL, '2014-01-11 20:37:01'),
(75, '23075', 'Anusha ', 'Anusha  Sivalingam', 'S. Anusha', '1997-08-25', 'f', '999/99, 8D Street Name comes here,\nLine2 lane name here,\nReagon and/or City\nCountry.', NULL, '2014-01-11 20:37:01'),
(76, '23076', 'Anushan', 'Anushan Vishnukoban', 'V. Anushan', '1997-03-20', 'm', '999/99, 8D Street Name comes here,\nLine2 lane name here,\nReagon and/or City\nCountry.', NULL, '2014-01-11 20:37:01'),
(77, '23077', 'Prasanna', 'Prasanna Murukesh', 'M. Prasanna', '1997-01-26', 'f', '999/99, 8D Street Name comes here,\nLine2 lane name here,\nReagon and/or City\nCountry.', NULL, '2014-01-11 20:37:01'),
(78, '23078', 'Tharmega ', 'Tharmega  Rajithan', 'R. Tharmega', '1997-12-27', 'f', '999/99, 8D Street Name comes here,\nLine2 lane name here,\nReagon and/or City\nCountry.', NULL, '2014-01-11 20:37:01'),
(79, '23079', 'Prashanthan', 'Prashanthan Kalithas', 'K. Prashanthan', '1997-06-04', 'm', '999/99, 8D Street Name comes here,\nLine2 lane name here,\nReagon and/or City\nCountry.', NULL, '2014-01-11 20:37:02'),
(80, '23080', 'Subangan', 'Subangan Sivakumar', 'S. Subangan', '1997-03-04', 'm', '999/99, 8D Street Name comes here,\nLine2 lane name here,\nReagon and/or City\nCountry.', NULL, '2014-01-11 20:37:02'),
(81, '23081', 'Thulasiraam', 'Thulasiraam Jeyabalan', 'J. Thulasiraam', '1997-09-09', 'f', '999/99, 8D Street Name comes here,\nLine2 lane name here,\nReagon and/or City\nCountry.', NULL, '2014-01-11 20:37:02'),
(82, '23082', 'Keerthiga ', 'Keerthiga  Sivakumar', 'S. Keerthiga', '1997-01-06', 'f', '999/99, 8D Street Name comes here,\nLine2 lane name here,\nReagon and/or City\nCountry.', NULL, '2014-01-11 20:37:02'),
(83, '23083', 'Thenuga ', 'Thenuga  Mahanthran', 'M. Thenuga', '1997-10-21', 'f', '999/99, 8D Street Name comes here,\nLine2 lane name here,\nReagon and/or City\nCountry.', NULL, '2014-01-11 20:37:02'),
(84, '23084', 'Kisoban', 'Kisoban Sugeevan', 'S. Kisoban', '1997-05-12', 'm', '999/99, 8D Street Name comes here,\nLine2 lane name here,\nReagon and/or City\nCountry.', NULL, '2014-01-11 20:37:02'),
(85, '23085', 'Priyavarun', 'Priyavarun Sivanarudchelva', 'S. Priyavarun', '1997-09-16', 'm', '999/99, 8D Street Name comes here,\nLine2 lane name here,\nReagon and/or City\nCountry.', NULL, '2014-01-11 20:37:02'),
(86, '23086', 'Puvitha ', 'Puvitha  Santhirakumar', 'S. Puvitha', '1997-07-30', 'f', '999/99, 8D Street Name comes here,\nLine2 lane name here,\nReagon and/or City\nCountry.', NULL, '2014-01-11 20:37:02'),
(87, '23087', 'Tharsika ', 'Tharsika  Manivanan', 'M. Tharsika', '1997-03-16', 'f', '999/99, 8D Street Name comes here,\nLine2 lane name here,\nReagon and/or City\nCountry.', NULL, '2014-01-11 20:37:02'),
(88, '23088', 'Srithuvarakan', 'Srithuvarakan Magilan', 'M. Srithuvarakan', '1997-09-04', 'm', '999/99, 8D Street Name comes here,\nLine2 lane name here,\nReagon and/or City\nCountry.', NULL, '2014-01-11 20:37:02'),
(89, '23089', 'Bhanujan', 'Bhanujan Thevarasa', 'T. Bhanujan', '1997-12-13', 'm', '999/99, 8D Street Name comes here,\nLine2 lane name here,\nReagon and/or City\nCountry.', NULL, '2014-01-11 20:37:02'),
(90, '23090', 'Parthipan', 'Parthipan Karunanithi', 'K. Parthipan', '1997-10-20', 'm', '999/99, 8D Street Name comes here,\nLine2 lane name here,\nReagon and/or City\nCountry.', NULL, '2014-01-11 20:37:02'),
(91, '23091', 'Rajithan', 'Rajithan Nishanthan', 'N. Rajithan', '1997-03-17', 'm', '999/99, 8D Street Name comes here,\nLine2 lane name here,\nReagon and/or City\nCountry.', NULL, '2014-01-11 20:37:02'),
(92, '23092', 'Diloshiya ', 'Diloshiya  Menalanan', 'M. Diloshiya', '1997-10-08', 'f', '999/99, 8D Street Name comes here,\nLine2 lane name here,\nReagon and/or City\nCountry.', NULL, '2014-01-11 20:37:02'),
(93, '23093', 'Nanthanan', 'Nanthanan Sinharasa', 'S. Nanthanan', '1997-10-20', 'm', '999/99, 8D Street Name comes here,\nLine2 lane name here,\nReagon and/or City\nCountry.', NULL, '2014-01-11 20:37:02'),
(94, '23094', 'Janarthanasharm', 'Janarthanasharm Palraj', 'P. Janarthanasharma', '1997-02-06', 'm', '999/99, 8D Street Name comes here,\nLine2 lane name here,\nReagon and/or City\nCountry.', NULL, '2014-01-11 20:37:02'),
(95, '23095', 'Shanthini ', 'Shanthini  Senthuran', 'S. Shanthini', '1997-07-25', 'f', '999/99, 8D Street Name comes here,\nLine2 lane name here,\nReagon and/or City\nCountry.', NULL, '2014-01-11 20:37:02'),
(96, '23096', 'Nisanthini ', 'Nisanthini  Saisankar', 'S. Nisanthini', '1997-02-23', 'f', '999/99, 8D Street Name comes here,\nLine2 lane name here,\nReagon and/or City\nCountry.', NULL, '2014-01-11 20:37:02'),
(97, '23097', 'Paranthaapan', 'Paranthaapan Nilajanan', 'N. Paranthaapan', '1997-02-08', 'm', '999/99, 8D Street Name comes here,\nLine2 lane name here,\nReagon and/or City\nCountry.', NULL, '2014-01-11 20:37:02'),
(98, '23098', 'Sinthuja ', 'Sinthuja  Vijayan', 'V. Sinthuja', '1997-07-15', 'f', '999/99, 8D Street Name comes here,\nLine2 lane name here,\nReagon and/or City\nCountry.', NULL, '2014-01-11 20:37:02'),
(99, '23099', 'Sharanke ', 'Sharanke  Kokulan', 'K. Sharanke', '1997-02-19', 'f', '999/99, 8D Street Name comes here,\nLine2 lane name here,\nReagon and/or City\nCountry.', NULL, '2014-01-11 20:37:02'),
(100, '23100', 'Jejaraj', 'Jejaraj Arun', 'A. Jejaraj', '1997-11-26', 'm', '999/99, 8D Street Name comes here,\nLine2 lane name here,\nReagon and/or City\nCountry.', NULL, '2014-01-11 20:37:02'),
(101, '23101', 'Thanureka ', 'Thanureka  Kirishanth', 'K. Thanureka', '1997-07-04', 'f', '999/99, 8D Street Name comes here,\nLine2 lane name here,\nReagon and/or City\nCountry.', NULL, '2014-01-11 20:37:02'),
(102, '23102', 'Nishani ', 'Nishani  Nivethan', 'N. Nishani', '1997-09-15', 'f', '999/99, 8D Street Name comes here,\nLine2 lane name here,\nReagon and/or City\nCountry.', NULL, '2014-01-11 20:37:03'),
(103, '23103', 'Suyani ', 'Suyani  Prashath', 'P. Suyani', '1997-08-03', 'f', '999/99, 8D Street Name comes here,\nLine2 lane name here,\nReagon and/or City\nCountry.', NULL, '2014-01-11 20:37:03'),
(104, '23104', 'Jerusha ', 'Jerusha  Kumaran', 'K. Jerusha', '1997-05-23', 'f', '999/99, 8D Street Name comes here,\nLine2 lane name here,\nReagon and/or City\nCountry.', NULL, '2014-01-11 20:37:03'),
(105, '23105', 'Bhruthuvi ', 'Bhruthuvi  Arulrajah', 'A. Bhruthuvi', '1997-11-14', 'f', '999/99, 8D Street Name comes here,\nLine2 lane name here,\nReagon and/or City\nCountry.', NULL, '2014-01-11 20:37:03'),
(106, '23106', 'Theepika ', 'Theepika  Ranujan', 'R. Theepika', '1997-08-14', 'f', '999/99, 8D Street Name comes here,\nLine2 lane name here,\nReagon and/or City\nCountry.', NULL, '2014-01-11 20:37:03'),
(107, '23107', 'Vithushan', 'Vithushan Srikaran', 'S. Vithushan', '1997-03-28', 'm', '999/99, 8D Street Name comes here,\nLine2 lane name here,\nReagon and/or City\nCountry.', NULL, '2014-01-11 20:37:03'),
(108, '23108', 'Vaakeesan', 'Vaakeesan Argeen', 'A. Vaakeesan', '1997-08-10', 'm', '999/99, 8D Street Name comes here,\nLine2 lane name here,\nReagon and/or City\nCountry.', NULL, '2014-01-11 20:37:03'),
(109, '23109', 'Thepika ', 'Thepika  Srikanthan', 'S. Thepika', '1997-03-13', 'f', '999/99, 8D Street Name comes here,\nLine2 lane name here,\nReagon and/or City\nCountry.', NULL, '2014-01-11 20:37:03'),
(110, '23110', 'Umashangar', 'Umashangar Mahalinham', 'M. Umashangar', '1997-05-17', 'f', '999/99, 8D Street Name comes here,\nLine2 lane name here,\nReagon and/or City\nCountry.', NULL, '2014-01-11 20:37:03'),
(111, '23111', 'Kisildakeerthana ', 'Kisildakeerthana  Chanthirasekaram', 'C. Kisildakeerthana', '1997-11-14', 'f', '999/99, 8D Street Name comes here,\nLine2 lane name here,\nReagon and/or City\nCountry.', NULL, '2014-01-11 20:37:03'),
(112, '23112', 'Prasath', 'Prasath Srijeyaram', 'S. Prasath', '1997-05-16', 'f', '999/99, 8D Street Name comes here,\nLine2 lane name here,\nReagon and/or City\nCountry.', NULL, '2014-01-11 20:37:03'),
(113, '23113', 'Kishona ', 'Kishona  Thayanithy', 'T. Kishona', '1997-12-20', 'f', '999/99, 8D Street Name comes here,\nLine2 lane name here,\nReagon and/or City\nCountry.', NULL, '2014-01-11 20:37:03'),
(114, '23114', 'Radshaga ', 'Radshaga  Kanthajan', 'K. Radshaga', '1997-10-20', 'f', '999/99, 8D Street Name comes here,\nLine2 lane name here,\nReagon and/or City\nCountry.', NULL, '2014-01-11 20:37:03'),
(115, '23115', 'Aarthikan', 'Aarthikan Archchuthan', 'A. Aarthikan', '1997-09-15', 'm', '999/99, 8D Street Name comes here,\nLine2 lane name here,\nReagon and/or City\nCountry.', NULL, '2014-01-11 20:37:03'),
(116, '23116', 'Nirijana ', 'Nirijana  Nadaraja', 'N. Nirijana', '1997-04-20', 'f', '999/99, 8D Street Name comes here,\nLine2 lane name here,\nReagon and/or City\nCountry.', NULL, '2014-01-11 20:37:03'),
(117, '23117', 'Paviththira ', 'Paviththira  Hageepan', 'H. Paviththira', '1997-02-19', 'f', '999/99, 8D Street Name comes here,\nLine2 lane name here,\nReagon and/or City\nCountry.', NULL, '2014-01-11 20:37:03'),
(118, '23118', 'Shynuja ', 'Shynuja  Kumaran', 'K. Shynuja', '1997-12-26', 'f', '999/99, 8D Street Name comes here,\nLine2 lane name here,\nReagon and/or City\nCountry.', NULL, '2014-01-11 20:37:03'),
(119, '23119', 'Puvisan', 'Puvisan Thesikan', 'T. Puvisan', '1997-07-04', 'm', '999/99, 8D Street Name comes here,\nLine2 lane name here,\nReagon and/or City\nCountry.', NULL, '2014-01-11 20:37:03'),
(120, '23120', 'Vethasorubi ', 'Vethasorubi  Mahinthan', 'M. Vethasorubi', '1997-09-21', 'f', '999/99, 8D Street Name comes here,\nLine2 lane name here,\nReagon and/or City\nCountry.', NULL, '2014-01-11 20:37:03'),
(121, '23121', 'Saranya ', 'Saranya  Mohan', 'M. Saranya', '1997-03-14', 'f', '999/99, 8D Street Name comes here,\nLine2 lane name here,\nReagon and/or City\nCountry.', NULL, '2014-01-11 20:37:03'),
(122, '23122', 'Vijanthini ', 'Vijanthini  Jeyathevasingam', 'J. Vijanthini', '1997-09-16', 'f', '999/99, 8D Street Name comes here,\nLine2 lane name here,\nReagon and/or City\nCountry.', NULL, '2014-01-11 20:37:03'),
(123, '23123', 'Ajith', 'Ajith Tharakulan', 'T. Ajith', '1997-05-03', 'f', '999/99, 8D Street Name comes here,\nLine2 lane name here,\nReagon and/or City\nCountry.', NULL, '2014-01-11 20:37:03'),
(124, '23124', 'Nivajanan', 'Nivajanan Vithakan', 'V. Nivajanan', '1997-10-26', 'm', '999/99, 8D Street Name comes here,\nLine2 lane name here,\nReagon and/or City\nCountry.', NULL, '2014-01-11 20:37:03'),
(125, '23125', 'Jasinthan', 'Jasinthan Pranavaruban', 'P. Jasinthan', '1997-01-24', 'm', '999/99, 8D Street Name comes here,\nLine2 lane name here,\nReagon and/or City\nCountry.', NULL, '2014-01-11 20:37:04'),
(126, '23126', 'Nilojan', 'Nilojan Parthipan', 'P. Nilojan', '1997-07-03', 'm', '999/99, 8D Street Name comes here,\nLine2 lane name here,\nReagon and/or City\nCountry.', NULL, '2014-01-11 20:37:04'),
(127, '23127', 'Thanusan', 'Thanusan Lavansan', 'L. Thanusan', '1997-09-04', 'm', '999/99, 8D Street Name comes here,\nLine2 lane name here,\nReagon and/or City\nCountry.', NULL, '2014-01-11 20:37:04'),
(128, '23128', 'Sarathsuthan', 'Sarathsuthan Sugeeban', 'S. Sarathsuthan', '1997-01-26', 'm', '999/99, 8D Street Name comes here,\nLine2 lane name here,\nReagon and/or City\nCountry.', NULL, '2014-01-11 20:37:04'),
(129, '23129', 'Nakeeran', 'Nakeeran Tharmagulasingam', 'T. Nakeeran', '1997-03-23', 'm', '999/99, 8D Street Name comes here,\nLine2 lane name here,\nReagon and/or City\nCountry.', NULL, '2014-01-11 20:37:04'),
(130, '23130', 'Premy ', 'Premy  Tharkurunathan', 'T. Premy', '1997-12-21', 'f', '999/99, 8D Street Name comes here,\nLine2 lane name here,\nReagon and/or City\nCountry.', NULL, '2014-01-11 20:37:04'),
(131, '23131', 'Puvaneswary ', 'Puvaneswary  Nishanthan', 'N. Puvaneswary', '1997-11-04', 'f', '999/99, 8D Street Name comes here,\nLine2 lane name here,\nReagon and/or City\nCountry.', NULL, '2014-01-11 20:37:04'),
(132, '23132', 'Dakshana ', 'Dakshana  Rajithan', 'R. Dakshana', '1997-11-26', 'f', '999/99, 8D Street Name comes here,\nLine2 lane name here,\nReagon and/or City\nCountry.', NULL, '2014-01-11 20:37:04'),
(133, '23133', 'Rishanth', 'Rishanth Prashanth', 'P. Rishanth', '1997-12-26', 'f', '999/99, 8D Street Name comes here,\nLine2 lane name here,\nReagon and/or City\nCountry.', NULL, '2014-01-11 20:37:04'),
(134, '23134', 'Mangalavasini ', 'Mangalavasini  Yogeswaran', 'Y. Mangalavasini', '1997-09-07', 'f', '999/99, 8D Street Name comes here,\nLine2 lane name here,\nReagon and/or City\nCountry.', NULL, '2014-01-11 20:37:04'),
(135, '23135', 'Kajaluxshan', 'Kajaluxshan Shanmougathasan', 'S. Kajaluxshan', '1997-07-19', 'm', '999/99, 8D Street Name comes here,\nLine2 lane name here,\nReagon and/or City\nCountry.', NULL, '2014-01-11 20:37:04'),
(136, '23136', 'Thulakjana ', 'Thulakjana  Sivaneepan', 'S. Thulakjana', '1997-05-30', 'f', '999/99, 8D Street Name comes here,\nLine2 lane name here,\nReagon and/or City\nCountry.', NULL, '2014-01-11 20:37:04'),
(137, '23137', 'Mayooran', 'Mayooran Veerasingam', 'V. Mayooran', '1997-03-06', 'm', '999/99, 8D Street Name comes here,\nLine2 lane name here,\nReagon and/or City\nCountry.', NULL, '2014-01-11 20:37:04'),
(138, '23138', 'Thiviya ', 'Thiviya  Gunaratnam', 'G. Thiviya', '1997-07-17', 'f', '999/99, 8D Street Name comes here,\nLine2 lane name here,\nReagon and/or City\nCountry.', NULL, '2014-01-11 20:37:04'),
(139, '23139', 'Akalya ', 'Akalya  Manikavasakar', 'M. Akalya', '1997-05-18', 'f', '999/99, 8D Street Name comes here,\nLine2 lane name here,\nReagon and/or City\nCountry.', NULL, '2014-01-11 20:37:04'),
(140, '23140', 'Sarangan', 'Sarangan Jeisan', 'J. Sarangan', '1997-04-20', 'm', '999/99, 8D Street Name comes here,\nLine2 lane name here,\nReagon and/or City\nCountry.', NULL, '2014-01-11 20:37:04'),
(141, '23141', 'Iyngaran', 'Iyngaran Mahadevan', 'M. Iyngaran', '1997-10-28', 'm', '999/99, 8D Street Name comes here,\nLine2 lane name here,\nReagon and/or City\nCountry.', NULL, '2014-01-11 20:37:04'),
(142, '23142', 'Karthika ', 'Karthika  Kobithas', 'K. Karthika', '1997-12-04', 'f', '999/99, 8D Street Name comes here,\nLine2 lane name here,\nReagon and/or City\nCountry.', NULL, '2014-01-11 20:37:04'),
(143, '23143', 'Shumanthiran', 'Shumanthiran Jeyadiluxshan', 'J. Shumanthiran', '1997-05-25', 'm', '999/99, 8D Street Name comes here,\nLine2 lane name here,\nReagon and/or City\nCountry.', NULL, '2014-01-11 20:37:04'),
(144, '23144', 'Yunitran', 'Yunitran Kirudhanth', 'K. Yunitran', '1997-12-18', 'm', '999/99, 8D Street Name comes here,\nLine2 lane name here,\nReagon and/or City\nCountry.', NULL, '2014-01-11 20:37:04'),
(145, '23145', 'Shobika ', 'Shobika  Rahunanthanan', 'R. Shobika', '1997-04-27', 'f', '999/99, 8D Street Name comes here,\nLine2 lane name here,\nReagon and/or City\nCountry.', NULL, '2014-01-11 20:37:04'),
(146, '23146', 'Ajitha ', 'Ajitha  Hariharan', 'H. Ajitha', '1997-05-18', 'f', '999/99, 8D Street Name comes here,\nLine2 lane name here,\nReagon and/or City\nCountry.', NULL, '2014-01-11 20:37:04'),
(147, '23147', 'Priyanka ', 'Priyanka  Prasanthan', 'P. Priyanka', '1997-03-30', 'f', '999/99, 8D Street Name comes here,\nLine2 lane name here,\nReagon and/or City\nCountry.', NULL, '2014-01-11 20:37:04'),
(148, '23148', 'Roybanuchandar', 'Roybanuchandar Lageeban', 'L. Roybanuchandar', '1997-09-21', 'f', '999/99, 8D Street Name comes here,\nLine2 lane name here,\nReagon and/or City\nCountry.', NULL, '2014-01-11 20:37:04'),
(149, '23149', 'Jarmatha ', 'Jarmatha  Vinayagaselvam', 'V. Jarmatha', '1997-06-09', 'f', '999/99, 8D Street Name comes here,\nLine2 lane name here,\nReagon and/or City\nCountry.', NULL, '2014-01-11 20:37:05'),
(150, '23150', 'Piriyanthini ', 'Piriyanthini  Suthan', 'S. Piriyanthini', '1997-11-27', 'f', '999/99, 8D Street Name comes here,\nLine2 lane name here,\nReagon and/or City\nCountry.', NULL, '2014-01-11 20:37:05'),
(151, '23151', 'Rupalavan', 'Rupalavan Nagulathasan', 'N. Rupalavan', '1997-04-15', 'm', '999/99, 8D Street Name comes here,\nLine2 lane name here,\nReagon and/or City\nCountry.', NULL, '2014-01-11 20:37:05'),
(152, '23152', 'Sapashankar', 'Sapashankar Thiruchelvam', 'T. Sapashankar', '1997-05-05', 'f', '999/99, 8D Street Name comes here,\nLine2 lane name here,\nReagon and/or City\nCountry.', NULL, '2014-01-11 20:37:05'),
(153, '23153', 'Thevakumaran', 'Thevakumaran Thiripuran', 'T. Thevakumaran', '1997-05-14', 'm', '999/99, 8D Street Name comes here,\nLine2 lane name here,\nReagon and/or City\nCountry.', NULL, '2014-01-11 20:37:05'),
(154, '23154', 'Thashankini ', 'Thashankini  Vivekananthan', 'V. Thashankini', '1997-09-27', 'f', '999/99, 8D Street Name comes here,\nLine2 lane name here,\nReagon and/or City\nCountry.', NULL, '2014-01-11 20:37:05'),
(155, '23155', 'Tharsiga ', 'Tharsiga  Rajatnam', 'R. Tharsiga', '1997-07-19', 'f', '999/99, 8D Street Name comes here,\nLine2 lane name here,\nReagon and/or City\nCountry.', NULL, '2014-01-11 20:37:05'),
(156, '23156', 'Sopika ', 'Sopika  Premadas', 'P. Sopika', '1997-06-12', 'f', '999/99, 8D Street Name comes here,\nLine2 lane name here,\nReagon and/or City\nCountry.', NULL, '2014-01-11 20:37:05'),
(157, '23157', 'Srinath', 'Srinath Rajamahenthiran', 'R. Srinath', '1997-03-30', 'f', '999/99, 8D Street Name comes here,\nLine2 lane name here,\nReagon and/or City\nCountry.', NULL, '2014-01-11 20:37:05'),
(158, '23158', 'Arjoon', 'Arjoon Selvavinayakam', 'S. Arjoon', '1997-11-04', 'm', '999/99, 8D Street Name comes here,\nLine2 lane name here,\nReagon and/or City\nCountry.', NULL, '2014-01-11 20:37:05'),
(159, '23159', 'Thasanusan', 'Thasanusan Logasuthan', 'L. Thasanusan', '1997-04-25', 'm', '999/99, 8D Street Name comes here,\nLine2 lane name here,\nReagon and/or City\nCountry.', NULL, '2014-01-11 20:37:05'),
(160, '23160', 'Anureka ', 'Anureka  Sivapathasutharam', 'S. Anureka', '1997-09-14', 'f', '999/99, 8D Street Name comes here,\nLine2 lane name here,\nReagon and/or City\nCountry.', NULL, '2014-01-11 20:37:05'),
(161, '23161', 'Janani ', 'Janani  Ajith', 'A. Janani', '1997-06-16', 'f', '999/99, 8D Street Name comes here,\nLine2 lane name here,\nReagon and/or City\nCountry.', NULL, '2014-01-11 20:37:05'),
(162, '23162', 'Tharany ', 'Tharany  Mayuran', 'M. Tharany', '1997-12-21', 'f', '999/99, 8D Street Name comes here,\nLine2 lane name here,\nReagon and/or City\nCountry.', NULL, '2014-01-11 20:37:05'),
(163, '23163', 'Aarani ', 'Aarani  Tharmanantharajah', 'T. Aarani', '1997-12-12', 'f', '999/99, 8D Street Name comes here,\nLine2 lane name here,\nReagon and/or City\nCountry.', NULL, '2014-01-11 20:37:05'),
(164, '23164', 'Manivannan', 'Manivannan Sivanarudchelva', 'S. Manivannan', '1997-04-18', 'm', '999/99, 8D Street Name comes here,\nLine2 lane name here,\nReagon and/or City\nCountry.', NULL, '2014-01-11 20:37:05'),
(165, '23165', 'Mithuna ', 'Mithuna  Thanthasan', 'T. Mithuna', '1997-06-29', 'f', '999/99, 8D Street Name comes here,\nLine2 lane name here,\nReagon and/or City\nCountry.', NULL, '2014-01-11 20:37:05'),
(166, '23166', 'Jeyagowry ', 'Jeyagowry  Sarveswaran', 'S. Jeyagowry', '1997-02-28', 'f', '999/99, 8D Street Name comes here,\nLine2 lane name here,\nReagon and/or City\nCountry.', NULL, '2014-01-11 20:37:05'),
(167, '23167', 'Niroja ', 'Niroja  Gajaluxshan', 'G. Niroja', '1997-10-17', 'f', '999/99, 8D Street Name comes here,\nLine2 lane name here,\nReagon and/or City\nCountry.', NULL, '2014-01-11 20:37:05'),
(168, '23168', 'Jayani ', 'Jayani  Anushan', 'A. Jayani', '1997-06-02', 'f', '999/99, 8D Street Name comes here,\nLine2 lane name here,\nReagon and/or City\nCountry.', NULL, '2014-01-11 20:37:05'),
(169, '23169', 'Kishoth', 'Kishoth Sureshkumar', 'S. Kishoth', '1997-10-07', 'f', '999/99, 8D Street Name comes here,\nLine2 lane name here,\nReagon and/or City\nCountry.', NULL, '2014-01-11 20:37:05'),
(170, '23170', 'Piruntha ', 'Piruntha  Saravanapavan', 'S. Piruntha', '1997-12-27', 'f', '999/99, 8D Street Name comes here,\nLine2 lane name here,\nReagon and/or City\nCountry.', NULL, '2014-01-11 20:37:05'),
(171, '23171', 'Sutharsini ', 'Sutharsini  Pirashanth', 'P. Sutharsini', '1997-12-24', 'f', '999/99, 8D Street Name comes here,\nLine2 lane name here,\nReagon and/or City\nCountry.', NULL, '2014-01-11 20:37:05'),
(172, '23172', 'Sivanarudchelva', 'Sivanarudchelva Pirasath', 'P. Sivanarudchelva', '1997-08-22', 'f', '999/99, 8D Street Name comes here,\nLine2 lane name here,\nReagon and/or City\nCountry.', NULL, '2014-01-11 20:37:06'),
(173, '23173', 'Sathananthini ', 'Sathananthini  Sivakumar', 'S. Sathananthini', '1997-03-04', 'f', '999/99, 8D Street Name comes here,\nLine2 lane name here,\nReagon and/or City\nCountry.', NULL, '2014-01-11 20:37:06'),
(174, '23174', 'Majoora ', 'Majoora  Tharakulan', 'T. Majoora', '1997-03-20', 'f', '999/99, 8D Street Name comes here,\nLine2 lane name here,\nReagon and/or City\nCountry.', NULL, '2014-01-11 20:37:06'),
(175, '23175', 'Kirishanth', 'Kirishanth Surenraj', 'S. Kirishanth', '1997-07-01', 'f', '999/99, 8D Street Name comes here,\nLine2 lane name here,\nReagon and/or City\nCountry.', NULL, '2014-01-11 20:37:06'),
(176, '23176', 'Mayuran', 'Mayuran Saranjan', 'S. Mayuran', '1997-11-01', 'm', '999/99, 8D Street Name comes here,\nLine2 lane name here,\nReagon and/or City\nCountry.', NULL, '2014-01-11 20:37:06'),
(177, '23177', 'Piraveena ', 'Piraveena  Sarasuthan', 'S. Piraveena', '1997-07-15', 'f', '999/99, 8D Street Name comes here,\nLine2 lane name here,\nReagon and/or City\nCountry.', NULL, '2014-01-11 20:37:06'),
(178, '23178', 'Diluxan', 'Diluxan Muhilan', 'M. Diluxan', '1997-01-06', 'm', '999/99, 8D Street Name comes here,\nLine2 lane name here,\nReagon and/or City\nCountry.', NULL, '2014-01-11 20:37:06'),
(179, '23179', 'Sobitha ', 'Sobitha  Theepan', 'T. Sobitha', '1997-03-03', 'f', '999/99, 8D Street Name comes here,\nLine2 lane name here,\nReagon and/or City\nCountry.', NULL, '2014-01-11 20:37:06'),
(180, '23180', 'Vimosanan', 'Vimosanan Kopithan', 'K. Vimosanan', '1997-09-09', 'm', '999/99, 8D Street Name comes here,\nLine2 lane name here,\nReagon and/or City\nCountry.', NULL, '2014-01-11 20:37:06'),
(181, '23181', 'Sinthujan', 'Sinthujan Mirojan', 'M. Sinthujan', '1997-05-14', 'm', '999/99, 8D Street Name comes here,\nLine2 lane name here,\nReagon and/or City\nCountry.', NULL, '2014-01-11 20:37:06'),
(182, '23182', 'Thenuja ', 'Thenuja  Yathavarajan', 'Y. Thenuja', '1997-08-01', 'f', '999/99, 8D Street Name comes here,\nLine2 lane name here,\nReagon and/or City\nCountry.', NULL, '2014-01-11 20:37:06'),
(183, '23183', 'Thanika ', 'Thanika  Thayaparan', 'T. Thanika', '1997-11-08', 'f', '999/99, 8D Street Name comes here,\nLine2 lane name here,\nReagon and/or City\nCountry.', NULL, '2014-01-11 20:37:06'),
(184, '23184', 'Thapesan', 'Thapesan Nagarajah', 'N. Thapesan', '1997-09-19', 'm', '999/99, 8D Street Name comes here,\nLine2 lane name here,\nReagon and/or City\nCountry.', NULL, '2014-01-11 20:37:06'),
(185, '23185', 'Santhasala ', 'Santhasala  Kirikaran', 'K. Santhasala', '1997-08-07', 'f', '999/99, 8D Street Name comes here,\nLine2 lane name here,\nReagon and/or City\nCountry.', NULL, '2014-01-11 20:37:06'),
(186, '23186', 'Narenthiran', 'Narenthiran Kunasegaram', 'K. Narenthiran', '1997-03-17', 'm', '999/99, 8D Street Name comes here,\nLine2 lane name here,\nReagon and/or City\nCountry.', NULL, '2014-01-11 20:37:06'),
(187, '23187', 'Neethuja ', 'Neethuja  Gopalapillai', 'G. Neethuja', '1997-06-09', 'f', '999/99, 8D Street Name comes here,\nLine2 lane name here,\nReagon and/or City\nCountry.', NULL, '2014-01-11 20:37:06'),
(188, '23188', 'Elilarasy ', 'Elilarasy  Sajeesan', 'S. Elilarasy', '1997-05-27', 'f', '999/99, 8D Street Name comes here,\nLine2 lane name here,\nReagon and/or City\nCountry.', NULL, '2014-01-11 20:37:06'),
(189, '23189', 'Kajaanan', 'Kajaanan Kokulan', 'K. Kajaanan', '1997-08-02', 'm', '999/99, 8D Street Name comes here,\nLine2 lane name here,\nReagon and/or City\nCountry.', NULL, '2014-01-11 20:37:06'),
(190, '23190', 'Diluxshi ', 'Diluxshi  Satkunarajah', 'S. Diluxshi', '1997-08-02', 'f', '999/99, 8D Street Name comes here,\nLine2 lane name here,\nReagon and/or City\nCountry.', NULL, '2014-01-11 20:37:06'),
(191, '23191', 'Gayathiri ', 'Gayathiri  Kulasegaram', 'K. Gayathiri', '1997-11-24', 'f', '999/99, 8D Street Name comes here,\nLine2 lane name here,\nReagon and/or City\nCountry.', NULL, '2014-01-11 20:37:06'),
(192, '23192', 'Subankini ', 'Subankini  Rageethan', 'R. Subankini', '1997-03-22', 'f', '999/99, 8D Street Name comes here,\nLine2 lane name here,\nReagon and/or City\nCountry.', NULL, '2014-01-11 20:37:06'),
(193, '23193', 'Jenukananth', 'Jenukananth Visoban', 'V. Jenukananth', '1997-02-27', 'f', '999/99, 8D Street Name comes here,\nLine2 lane name here,\nReagon and/or City\nCountry.', NULL, '2014-01-11 20:37:06'),
(194, '23194', 'Pakeerthana ', 'Pakeerthana  Nilojan', 'N. Pakeerthana', '1997-01-27', 'f', '999/99, 8D Street Name comes here,\nLine2 lane name here,\nReagon and/or City\nCountry.', NULL, '2014-01-11 20:37:06'),
(195, '23195', 'Luxmy ', 'Luxmy  Thushanth', 'T. Luxmy', '1998-09-14', 'f', '999/99, 8D Street Name comes here,\nLine2 lane name here,\nReagon and/or City\nCountry.', NULL, '2014-01-11 20:37:07'),
(196, '23196', 'Sanjutha ', 'Sanjutha  Sarveswaran', 'S. Sanjutha', '1998-01-03', 'f', '999/99, 8D Street Name comes here,\nLine2 lane name here,\nReagon and/or City\nCountry.', NULL, '2014-01-11 20:37:07'),
(197, '23197', 'Thivjan', 'Thivjan Krishnakumar', 'K. Thivjan', '1998-12-06', 'm', '999/99, 8D Street Name comes here,\nLine2 lane name here,\nReagon and/or City\nCountry.', NULL, '2014-01-11 20:37:07'),
(198, '23198', 'Rahunanthanan', 'Rahunanthanan Nishanthan', 'N. Rahunanthanan', '1998-03-17', 'm', '999/99, 8D Street Name comes here,\nLine2 lane name here,\nReagon and/or City\nCountry.', NULL, '2014-01-11 20:37:07'),
(199, '23199', 'Vaseeharan', 'Vaseeharan Theiveekan', 'T. Vaseeharan', '1998-01-03', 'm', '999/99, 8D Street Name comes here,\nLine2 lane name here,\nReagon and/or City\nCountry.', NULL, '2014-01-11 20:37:07'),
(200, '23200', 'Nivethan', 'Nivethan Thanusan', 'T. Nivethan', '1998-08-25', 'm', '999/99, 8D Street Name comes here,\nLine2 lane name here,\nReagon and/or City\nCountry.', NULL, '2014-01-11 20:37:07'),
(201, '23201', 'Balamonokari ', 'Balamonokari  Panchajuthan', 'P. Balamonokari', '1998-10-23', 'f', '999/99, 8D Street Name comes here,\nLine2 lane name here,\nReagon and/or City\nCountry.', NULL, '2014-01-11 20:37:07'),
(202, '23202', 'Thanthasan', 'Thanthasan Rajaratnam', 'R. Thanthasan', '1998-04-14', 'm', '999/99, 8D Street Name comes here,\nLine2 lane name here,\nReagon and/or City\nCountry.', NULL, '2014-01-11 20:37:07'),
(203, '23203', 'Nishanika ', 'Nishanika  Hariharan', 'H. Nishanika', '1998-02-15', 'f', '999/99, 8D Street Name comes here,\nLine2 lane name here,\nReagon and/or City\nCountry.', NULL, '2014-01-11 20:37:07'),
(204, '23204', 'Nishanthan', 'Nishanthan Jananitharan', 'J. Nishanthan', '1998-06-04', 'm', '999/99, 8D Street Name comes here,\nLine2 lane name here,\nReagon and/or City\nCountry.', NULL, '2014-01-11 20:37:07'),
(205, '23205', 'Lathangan', 'Lathangan Yathushan', 'Y. Lathangan', '1998-05-09', 'm', '999/99, 8D Street Name comes here,\nLine2 lane name here,\nReagon and/or City\nCountry.', NULL, '2014-01-11 20:37:07'),
(206, '23206', 'Karthika ', 'Karthika  Vaigunthan', 'V. Karthika', '1998-11-01', 'f', '999/99, 8D Street Name comes here,\nLine2 lane name here,\nReagon and/or City\nCountry.', NULL, '2014-01-11 20:37:07'),
(207, '23207', 'Kajani ', 'Kajani  Sivaloganathan', 'S. Kajani', '1998-02-10', 'f', '999/99, 8D Street Name comes here,\nLine2 lane name here,\nReagon and/or City\nCountry.', NULL, '2014-01-11 20:37:07'),
(208, '23208', 'Janarathanan', 'Janarathanan Vijayaratnam', 'V. Janarathanan', '1998-04-01', 'm', '999/99, 8D Street Name comes here,\nLine2 lane name here,\nReagon and/or City\nCountry.', NULL, '2014-01-11 20:37:07'),
(209, '23209', 'Thanusiga ', 'Thanusiga  Janakan', 'J. Thanusiga', '1998-10-21', 'f', '999/99, 8D Street Name comes here,\nLine2 lane name here,\nReagon and/or City\nCountry.', NULL, '2014-01-11 20:37:07'),
(210, '23210', 'Kanushtika ', 'Kanushtika  Ravirasha', 'R. Kanushtika', '1998-09-18', 'f', '999/99, 8D Street Name comes here,\nLine2 lane name here,\nReagon and/or City\nCountry.', NULL, '2014-01-11 20:37:07'),
(211, '23211', 'Sumangali ', 'Sumangali  Nadarasalingam', 'N. Sumangali', '1998-07-30', 'f', '999/99, 8D Street Name comes here,\nLine2 lane name here,\nReagon and/or City\nCountry.', NULL, '2014-01-11 20:37:07'),
(212, '23212', 'Swasthika ', 'Swasthika  Ketheeswaran', 'K. Swasthika', '1998-03-25', 'f', '999/99, 8D Street Name comes here,\nLine2 lane name here,\nReagon and/or City\nCountry.', NULL, '2014-01-11 20:37:07'),
(213, '23213', 'Kuganya ', 'Kuganya  Pavarthursan', 'P. Kuganya', '1998-11-26', 'f', '999/99, 8D Street Name comes here,\nLine2 lane name here,\nReagon and/or City\nCountry.', NULL, '2014-01-11 20:37:07'),
(214, '23214', 'Pavithra ', 'Pavithra  Jathursan', 'J. Pavithra', '1998-01-14', 'f', '999/99, 8D Street Name comes here,\nLine2 lane name here,\nReagon and/or City\nCountry.', NULL, '2014-01-11 20:37:07'),
(215, '23215', 'Nivethan', 'Nivethan Keerthikan', 'K. Nivethan', '1998-11-13', 'm', '999/99, 8D Street Name comes here,\nLine2 lane name here,\nReagon and/or City\nCountry.', NULL, '2014-01-11 20:37:07'),
(216, '23216', 'Vithursa ', 'Vithursa  Palaninathan', 'P. Vithursa', '1998-06-15', 'f', '999/99, 8D Street Name comes here,\nLine2 lane name here,\nReagon and/or City\nCountry.', NULL, '2014-01-11 20:37:07'),
(217, '23217', 'Thuvaraka ', 'Thuvaraka  Kanakaratnam', 'K. Thuvaraka', '1998-07-27', 'f', '999/99, 8D Street Name comes here,\nLine2 lane name here,\nReagon and/or City\nCountry.', NULL, '2014-01-11 20:37:07'),
(218, '23218', 'Kowthaman', 'Kowthaman Birunthapan', 'B. Kowthaman', '1998-09-22', 'm', '999/99, 8D Street Name comes here,\nLine2 lane name here,\nReagon and/or City\nCountry.', NULL, '2014-01-11 20:37:07'),
(219, '23219', 'Chinesh ', 'Chinesh  Selvarajah', 'S. Chinesh', '1998-10-15', 'f', '999/99, 8D Street Name comes here,\nLine2 lane name here,\nReagon and/or City\nCountry.', NULL, '2014-01-11 20:37:08'),
(220, '23220', 'Laxshiga ', 'Laxshiga  Arooran', 'A. Laxshiga', '1998-03-25', 'f', '999/99, 8D Street Name comes here,\nLine2 lane name here,\nReagon and/or City\nCountry.', NULL, '2014-01-11 20:37:08'),
(221, '23221', 'Jasintha ', 'Jasintha  Thivjan', 'T. Jasintha', '1998-12-05', 'f', '999/99, 8D Street Name comes here,\nLine2 lane name here,\nReagon and/or City\nCountry.', NULL, '2014-01-11 20:37:08'),
(222, '23222', 'Sinthujan', 'Sinthujan Jeyaraj', 'J. Sinthujan', '1998-11-04', 'm', '999/99, 8D Street Name comes here,\nLine2 lane name here,\nReagon and/or City\nCountry.', NULL, '2014-01-11 20:37:08'),
(223, '23223', 'Niresh', 'Niresh Sujeevan', 'S. Niresh', '1998-08-24', 'f', '999/99, 8D Street Name comes here,\nLine2 lane name here,\nReagon and/or City\nCountry.', NULL, '2014-01-11 20:37:08'),
(224, '23224', 'Kasthuri ', 'Kasthuri  Sangeevan', 'S. Kasthuri', '1998-10-19', 'f', '999/99, 8D Street Name comes here,\nLine2 lane name here,\nReagon and/or City\nCountry.', NULL, '2014-01-11 20:37:08'),
(225, '23225', 'Ropaveradna Sri', 'Ropaveradna Sri Ponararathan', 'P. Ropaveradna Sri', '1998-08-08', 'f', '999/99, 8D Street Name comes here,\nLine2 lane name here,\nReagon and/or City\nCountry.', NULL, '2014-01-11 20:37:08'),
(226, '23226', 'Yathursan', 'Yathursan Janarthanan', 'J. Yathursan', '1998-05-11', 'm', '999/99, 8D Street Name comes here,\nLine2 lane name here,\nReagon and/or City\nCountry.', NULL, '2014-01-11 20:37:08'),
(227, '23227', 'Vishnukoban', 'Vishnukoban Sangeeth', 'S. Vishnukoban', '1998-06-27', 'm', '999/99, 8D Street Name comes here,\nLine2 lane name here,\nReagon and/or City\nCountry.', NULL, '2014-01-11 20:37:08'),
(228, '23228', 'Uruththiorakuma', 'Uruththiorakuma Satshithananthan', 'S. Uruththiorakuma', '1998-01-27', 'f', '999/99, 8D Street Name comes here,\nLine2 lane name here,\nReagon and/or City\nCountry.', NULL, '2014-01-11 20:37:08'),
(229, '23229', 'Thushanthan', 'Thushanthan Paramalingam', 'P. Thushanthan', '1998-12-14', 'm', '999/99, 8D Street Name comes here,\nLine2 lane name here,\nReagon and/or City\nCountry.', NULL, '2014-01-11 20:37:08'),
(230, '23230', 'Thilaxsy ', 'Thilaxsy  Kanapathipppilai', 'K. Thilaxsy', '1998-05-30', 'f', '999/99, 8D Street Name comes here,\nLine2 lane name here,\nReagon and/or City\nCountry.', NULL, '2014-01-11 20:37:08'),
(231, '23231', 'Thuvarahan', 'Thuvarahan Puvanenthiran', 'P. Thuvarahan', '1998-09-11', 'm', '999/99, 8D Street Name comes here,\nLine2 lane name here,\nReagon and/or City\nCountry.', NULL, '2014-01-11 20:37:08'),
(232, '23232', 'Thanusha ', 'Thanusha  Kanaganayagam', 'K. Thanusha', '1998-02-15', 'f', '999/99, 8D Street Name comes here,\nLine2 lane name here,\nReagon and/or City\nCountry.', NULL, '2014-01-11 20:37:08'),
(233, '23233', 'Thadsjini ', 'Thadsjini  Ravichandran', 'R. Thadsjini', '1998-05-15', 'f', '999/99, 8D Street Name comes here,\nLine2 lane name here,\nReagon and/or City\nCountry.', NULL, '2014-01-11 20:37:08'),
(234, '23234', 'Thadshagini ', 'Thadshagini  Rajkumar', 'R. Thadshagini', '1998-11-29', 'f', '999/99, 8D Street Name comes here,\nLine2 lane name here,\nReagon and/or City\nCountry.', NULL, '2014-01-11 20:37:08'),
(235, '23235', 'Sumanan', 'Sumanan Suntharalingam', 'S. Sumanan', '1998-01-02', 'm', '999/99, 8D Street Name comes here,\nLine2 lane name here,\nReagon and/or City\nCountry.', NULL, '2014-01-11 20:37:08'),
(236, '23236', 'Suganthini ', 'Suganthini  Kabilraj', 'K. Suganthini', '1998-08-16', 'f', '999/99, 8D Street Name comes here,\nLine2 lane name here,\nReagon and/or City\nCountry.', NULL, '2014-01-11 20:37:08'),
(237, '23237', 'Shalini ', 'Shalini  Sithamparanathan', 'S. Shalini', '1998-01-30', 'f', '999/99, 8D Street Name comes here,\nLine2 lane name here,\nReagon and/or City\nCountry.', NULL, '2014-01-11 20:37:08'),
(238, '23238', 'Seveenthiran', 'Seveenthiran Thivyan', 'T. Seveenthiran', '1998-03-06', 'm', '999/99, 8D Street Name comes here,\nLine2 lane name here,\nReagon and/or City\nCountry.', NULL, '2014-01-11 20:37:08'),
(239, '23239', 'Sayeesan', 'Sayeesan Pranavan', 'P. Sayeesan', '1998-04-14', 'm', '999/99, 8D Street Name comes here,\nLine2 lane name here,\nReagon and/or City\nCountry.', NULL, '2014-01-11 20:37:09'),
(240, '23240', 'Sangeevan', 'Sangeevan Sivaneban', 'S. Sangeevan', '1998-07-28', 'm', '999/99, 8D Street Name comes here,\nLine2 lane name here,\nReagon and/or City\nCountry.', NULL, '2014-01-11 20:37:09'),
(241, '23241', 'Pragalatha ', 'Pragalatha  Kulatheepan', 'K. Pragalatha', '1998-10-05', 'f', '999/99, 8D Street Name comes here,\nLine2 lane name here,\nReagon and/or City\nCountry.', NULL, '2014-01-11 20:37:09'),
(242, '23242', 'Pirashanth', 'Pirashanth Kreeshan', 'K. Pirashanth', '1998-03-08', 'f', '999/99, 8D Street Name comes here,\nLine2 lane name here,\nReagon and/or City\nCountry.', NULL, '2014-01-11 20:37:09');
REPLACE INTO `student` (`idstudent`, `admission_no`, `name`, `full_name`, `name_wt_initial`, `dob`, `gender`, `address`, `photo`, `modified_time`) VALUES
(243, '23243', 'Pakeeran', 'Pakeeran Navaratnavelu', 'N. Pakeeran', '1998-03-07', 'm', '999/99, 8D Street Name comes here,\nLine2 lane name here,\nReagon and/or City\nCountry.', NULL, '2014-01-11 20:37:09'),
(244, '23244', 'Nishanthan', 'Nishanthan Velauthan', 'V. Nishanthan', '1998-10-02', 'm', '999/99, 8D Street Name comes here,\nLine2 lane name here,\nReagon and/or City\nCountry.', NULL, '2014-01-11 20:37:09'),
(245, '23245', 'Nishanthan', 'Nishanthan Vimosanan', 'V. Nishanthan', '1998-02-25', 'm', '999/99, 8D Street Name comes here,\nLine2 lane name here,\nReagon and/or City\nCountry.', NULL, '2014-01-11 20:37:09'),
(246, '23246', 'Neeiraya ', 'Neeiraya  Subramaniyam', 'S. Neeiraya', '1998-09-24', 'f', '999/99, 8D Street Name comes here,\nLine2 lane name here,\nReagon and/or City\nCountry.', NULL, '2014-01-11 20:37:09'),
(247, '23247', 'Luxmy ', 'Luxmy  Hageeban', 'H. Luxmy', '1998-05-20', 'f', '999/99, 8D Street Name comes here,\nLine2 lane name here,\nReagon and/or City\nCountry.', NULL, '2014-01-11 20:37:09'),
(248, '23248', 'Luxana ', 'Luxana  Leninrobinsion', 'L. Luxana', '1998-12-05', 'f', '999/99, 8D Street Name comes here,\nLine2 lane name here,\nReagon and/or City\nCountry.', NULL, '2014-01-11 20:37:09'),
(249, '23249', 'Keerthika ', 'Keerthika  Rishanth', 'R. Keerthika', '1998-07-28', 'f', '999/99, 8D Street Name comes here,\nLine2 lane name here,\nReagon and/or City\nCountry.', NULL, '2014-01-11 20:37:09'),
(250, '23250', 'Kasthuri ', 'Kasthuri  Ponararathan', 'P. Kasthuri', '1998-01-15', 'f', '999/99, 8D Street Name comes here,\nLine2 lane name here,\nReagon and/or City\nCountry.', NULL, '2014-01-11 20:37:09'),
(251, '23251', 'Kopithan', 'Kopithan Sivakumaran', 'S. Kopithan', '1998-05-15', 'm', '999/99, 8D Street Name comes here,\nLine2 lane name here,\nReagon and/or City\nCountry.', NULL, '2014-01-11 20:37:09'),
(252, '23252', 'Kavitha ', 'Kavitha  Nigethan', 'N. Kavitha', '1998-11-28', 'f', '999/99, 8D Street Name comes here,\nLine2 lane name here,\nReagon and/or City\nCountry.', NULL, '2014-01-11 20:37:09'),
(253, '23253', 'Kajendran', 'Kajendran Jeyabalan', 'J. Kajendran', '1998-07-07', 'm', '999/99, 8D Street Name comes here,\nLine2 lane name here,\nReagon and/or City\nCountry.', NULL, '2014-01-11 20:37:09'),
(254, '23254', 'Karthayayini ', 'Karthayayini  Hariharan', 'H. Karthayayini', '1998-11-03', 'f', '999/99, 8D Street Name comes here,\nLine2 lane name here,\nReagon and/or City\nCountry.', NULL, '2014-01-11 20:37:09'),
(255, '23255', 'Kajaruby ', 'Kajaruby  Umashangar', 'U. Kajaruby', '1998-10-30', 'f', '999/99, 8D Street Name comes here,\nLine2 lane name here,\nReagon and/or City\nCountry.', NULL, '2014-01-11 20:37:09'),
(256, '23256', 'Juvaraj', 'Juvaraj Manavan', 'M. Juvaraj', '1998-01-18', 'f', '999/99, 8D Street Name comes here,\nLine2 lane name here,\nReagon and/or City\nCountry.', NULL, '2014-01-11 20:37:09'),
(257, '23257', 'Ithayachchandra', 'Ithayachchandra V.Vithusan', 'V. Ithayachchandra', '1998-11-04', 'f', '999/99, 8D Street Name comes here,\nLine2 lane name here,\nReagon and/or City\nCountry.', NULL, '2014-01-11 20:37:09'),
(258, '23258', 'Darajini ', 'Darajini  Sivanathan', 'S. Darajini', '1998-02-10', 'f', '999/99, 8D Street Name comes here,\nLine2 lane name here,\nReagon and/or City\nCountry.', NULL, '2014-01-11 20:37:09'),
(259, '23259', 'Aranya ', 'Aranya  Navaratnasingam', 'N. Aranya', '1998-11-02', 'f', '999/99, 8D Street Name comes here,\nLine2 lane name here,\nReagon and/or City\nCountry.', NULL, '2014-01-11 20:37:09'),
(260, '23260', 'Geerthana ', 'Geerthana  Sayeesan', 'S. Geerthana', '1998-07-09', 'f', '999/99, 8D Street Name comes here,\nLine2 lane name here,\nReagon and/or City\nCountry.', NULL, '2014-01-11 20:37:09'),
(261, '23261', 'Kirushika ', 'Kirushika  Sabampillai', 'S. Kirushika', '1998-10-30', 'f', '999/99, 8D Street Name comes here,\nLine2 lane name here,\nReagon and/or City\nCountry.', NULL, '2014-01-11 20:37:09'),
(262, '23262', 'Arun', 'Arun Sabesan', 'S. Arun', '1998-05-17', 'm', '999/99, 8D Street Name comes here,\nLine2 lane name here,\nReagon and/or City\nCountry.', NULL, '2014-01-11 20:37:09'),
(263, '23263', 'Lareshiya ', 'Lareshiya  Muthulingam', 'M. Lareshiya', '1998-12-03', 'f', '999/99, 8D Street Name comes here,\nLine2 lane name here,\nReagon and/or City\nCountry.', NULL, '2014-01-11 20:37:09'),
(264, '23264', 'Kokulan', 'Kokulan Ithayachandran', 'I. Kokulan', '1998-02-23', 'm', '999/99, 8D Street Name comes here,\nLine2 lane name here,\nReagon and/or City\nCountry.', NULL, '2014-01-11 20:37:09'),
(265, '23265', 'Thanushiya ', 'Thanushiya  Paramesvaran', 'P. Thanushiya', '1998-10-25', 'f', '999/99, 8D Street Name comes here,\nLine2 lane name here,\nReagon and/or City\nCountry.', NULL, '2014-01-11 20:37:09'),
(266, '23266', 'Keerthana ', 'Keerthana  Prakash', 'P. Keerthana', '1998-05-20', 'f', '999/99, 8D Street Name comes here,\nLine2 lane name here,\nReagon and/or City\nCountry.', NULL, '2014-01-11 20:37:10'),
(267, '23267', 'Thusanthi ', 'Thusanthi  Punniyamoorthy', 'P. Thusanthi', '1998-04-22', 'f', '999/99, 8D Street Name comes here,\nLine2 lane name here,\nReagon and/or City\nCountry.', NULL, '2014-01-11 20:37:10'),
(268, '23268', 'Kokilavani ', 'Kokilavani  Kanagalingam', 'K. Kokilavani', '1998-11-07', 'f', '999/99, 8D Street Name comes here,\nLine2 lane name here,\nReagon and/or City\nCountry.', NULL, '2014-01-11 20:37:10'),
(269, '23269', 'Kanapaalan', 'Kanapaalan Raveenthiran', 'R. Kanapaalan', '1998-08-28', 'm', '999/99, 8D Street Name comes here,\nLine2 lane name here,\nReagon and/or City\nCountry.', NULL, '2014-01-11 20:37:10'),
(270, '23270', 'Jeenetha ', 'Jeenetha  Pirunthan', 'P. Jeenetha', '1998-07-08', 'f', '999/99, 8D Street Name comes here,\nLine2 lane name here,\nReagon and/or City\nCountry.', NULL, '2014-01-11 20:37:10'),
(271, '23271', 'Jasintha ', 'Jasintha  Sivasakthianantharah', 'S. Jasintha', '1998-05-25', 'f', '999/99, 8D Street Name comes here,\nLine2 lane name here,\nReagon and/or City\nCountry.', NULL, '2014-01-11 20:37:10'),
(272, '23272', 'Ragiprasath', 'Ragiprasath Nesakrishna', 'N. Ragiprasath', '1998-01-22', 'f', '999/99, 8D Street Name comes here,\nLine2 lane name here,\nReagon and/or City\nCountry.', NULL, '2014-01-11 20:37:10'),
(273, '23273', 'Chiyamachelvi ', 'Chiyamachelvi  Ratneswaran', 'R. Chiyamachelvi', '1998-11-02', 'f', '999/99, 8D Street Name comes here,\nLine2 lane name here,\nReagon and/or City\nCountry.', NULL, '2014-01-11 20:37:10'),
(274, '23274', 'Thuvarakan', 'Thuvarakan Navaneeban', 'N. Thuvarakan', '1998-12-18', 'm', '999/99, 8D Street Name comes here,\nLine2 lane name here,\nReagon and/or City\nCountry.', NULL, '2014-01-11 20:37:10'),
(275, '23275', 'Jeyadilakshan', 'Jeyadilakshan Vamanan', 'V. Jeyadilakshan', '1998-03-30', 'm', '999/99, 8D Street Name comes here,\nLine2 lane name here,\nReagon and/or City\nCountry.', NULL, '2014-01-11 20:37:10'),
(276, '23276', 'Suganiya ', 'Suganiya  Thuvarakan', 'T. Suganiya', '1998-05-10', 'f', '999/99, 8D Street Name comes here,\nLine2 lane name here,\nReagon and/or City\nCountry.', NULL, '2014-01-11 20:37:10'),
(277, '23277', 'Keriya ', 'Keriya  Perinpanathan', 'P. Keriya', '1998-01-16', 'f', '999/99, 8D Street Name comes here,\nLine2 lane name here,\nReagon and/or City\nCountry.', NULL, '2014-01-11 20:37:10'),
(278, '23278', 'Keerthana ', 'Keerthana  Sivaluxshan', 'S. Keerthana', '1998-11-30', 'f', '999/99, 8D Street Name comes here,\nLine2 lane name here,\nReagon and/or City\nCountry.', NULL, '2014-01-11 20:37:10'),
(279, '23279', 'Ranujan', 'Ranujan Yogeswaran', 'Y. Ranujan', '1998-03-25', 'm', '999/99, 8D Street Name comes here,\nLine2 lane name here,\nReagon and/or City\nCountry.', NULL, '2014-01-11 20:37:10'),
(280, '23280', 'Makinthan', 'Makinthan Raguram', 'R. Makinthan', '1998-07-20', 'm', '999/99, 8D Street Name comes here,\nLine2 lane name here,\nReagon and/or City\nCountry.', NULL, '2014-01-11 20:37:10'),
(281, '23281', 'Vinopa ', 'Vinopa  Mahinthan', 'M. Vinopa', '1998-04-01', 'f', '999/99, 8D Street Name comes here,\nLine2 lane name here,\nReagon and/or City\nCountry.', NULL, '2014-01-11 20:37:10'),
(282, '23282', 'Shakiththiya ', 'Shakiththiya  Subramanium', 'S. Shakiththiya', '1998-11-18', 'f', '999/99, 8D Street Name comes here,\nLine2 lane name here,\nReagon and/or City\nCountry.', NULL, '2014-01-11 20:37:10'),
(283, '23283', 'Gogilashanth', 'Gogilashanth Dhusanthan', 'D. Gogilashanth', '1998-03-25', 'f', '999/99, 8D Street Name comes here,\nLine2 lane name here,\nReagon and/or City\nCountry.', NULL, '2014-01-11 20:37:10'),
(284, '23284', 'Niroshiya ', 'Niroshiya  Sritharan', 'S. Niroshiya', '1998-01-03', 'f', '999/99, 8D Street Name comes here,\nLine2 lane name here,\nReagon and/or City\nCountry.', NULL, '2014-01-11 20:37:10'),
(285, '23285', 'Vaheesan', 'Vaheesan Hageeban', 'H. Vaheesan', '1998-09-08', 'm', '999/99, 8D Street Name comes here,\nLine2 lane name here,\nReagon and/or City\nCountry.', NULL, '2014-01-11 20:37:10'),
(286, '23286', 'Thusanthi ', 'Thusanthi  Jeevasuman', 'J. Thusanthi', '1998-12-11', 'f', '999/99, 8D Street Name comes here,\nLine2 lane name here,\nReagon and/or City\nCountry.', NULL, '2014-01-11 20:37:10'),
(287, '23287', 'Mitheregi ', 'Mitheregi  Sangeeth', 'S. Mitheregi', '1998-08-15', 'f', '999/99, 8D Street Name comes here,\nLine2 lane name here,\nReagon and/or City\nCountry.', NULL, '2014-01-11 20:37:10'),
(288, '23288', 'Prashanthan', 'Prashanthan Ketheswaran', 'K. Prashanthan', '1998-10-23', 'm', '999/99, 8D Street Name comes here,\nLine2 lane name here,\nReagon and/or City\nCountry.', NULL, '2014-01-11 20:37:10'),
(289, '23289', 'Sinthusan', 'Sinthusan Manivannan', 'M. Sinthusan', '1998-08-11', 'm', '999/99, 8D Street Name comes here,\nLine2 lane name here,\nReagon and/or City\nCountry.', NULL, '2014-01-11 20:37:10'),
(290, '23290', 'Ragavi ', 'Ragavi  Ramasamy', 'R. Ragavi', '1998-11-23', 'f', '999/99, 8D Street Name comes here,\nLine2 lane name here,\nReagon and/or City\nCountry.', NULL, '2014-01-11 20:37:11'),
(291, '23291', 'Majura ', 'Majura  Vivekananthan', 'V. Majura', '1998-05-23', 'f', '999/99, 8D Street Name comes here,\nLine2 lane name here,\nReagon and/or City\nCountry.', NULL, '2014-01-11 20:37:11'),
(292, '23292', 'Umakaran', 'Umakaran Jenukananth', 'J. Umakaran', '1998-11-12', 'm', '999/99, 8D Street Name comes here,\nLine2 lane name here,\nReagon and/or City\nCountry.', NULL, '2014-01-11 20:37:11'),
(293, '23293', 'Bagavani ', 'Bagavani  Sriskanthraja', 'S. Bagavani', '1998-09-06', 'f', '999/99, 8D Street Name comes here,\nLine2 lane name here,\nReagon and/or City\nCountry.', NULL, '2014-01-11 20:37:11'),
(294, '23294', 'Thaksha ', 'Thaksha  Ajith', 'A. Thaksha', '1998-12-11', 'f', '999/99, 8D Street Name comes here,\nLine2 lane name here,\nReagon and/or City\nCountry.', NULL, '2014-01-11 20:37:11'),
(295, '23295', 'Sarangan', 'Sarangan Sivarajah', 'S. Sarangan', '1998-05-11', 'm', '999/99, 8D Street Name comes here,\nLine2 lane name here,\nReagon and/or City\nCountry.', NULL, '2014-01-11 20:37:11'),
(296, '23296', 'Sarmilan', 'Sarmilan Yogarasah', 'Y. Sarmilan', '1998-08-11', 'm', '999/99, 8D Street Name comes here,\nLine2 lane name here,\nReagon and/or City\nCountry.', NULL, '2014-01-11 20:37:11'),
(297, '23297', 'Sajeevan', 'Sajeevan Sannithy', 'S. Sajeevan', '1998-07-30', 'm', '999/99, 8D Street Name comes here,\nLine2 lane name here,\nReagon and/or City\nCountry.', NULL, '2014-01-11 20:37:11'),
(298, '23298', 'Kobiga ', 'Kobiga  Sabanadesan', 'S. Kobiga', '1998-05-29', 'f', '999/99, 8D Street Name comes here,\nLine2 lane name here,\nReagon and/or City\nCountry.', NULL, '2014-01-11 20:37:11'),
(299, '23299', 'Navaneepan', 'Navaneepan Kayanthan', 'K. Navaneepan', '1998-05-05', 'm', '999/99, 8D Street Name comes here,\nLine2 lane name here,\nReagon and/or City\nCountry.', NULL, '2014-01-11 20:37:11'),
(300, '23300', 'Nakula ', 'Nakula  Sritharan', 'S. Nakula', '1998-03-15', 'f', '999/99, 8D Street Name comes here,\nLine2 lane name here,\nReagon and/or City\nCountry.', NULL, '2014-01-11 20:37:11'),
(301, '23301', 'Kumaran', 'Kumaran Sinthujan', 'S. Kumaran', '1998-04-16', 'm', '999/99, 8D Street Name comes here,\nLine2 lane name here,\nReagon and/or City\nCountry.', NULL, '2014-01-11 20:37:11'),
(302, '23302', 'Thanustika ', 'Thanustika  Yogarajah', 'Y. Thanustika', '1998-01-12', 'f', '999/99, 8D Street Name comes here,\nLine2 lane name here,\nReagon and/or City\nCountry.', NULL, '2014-01-11 20:37:11'),
(303, '23303', 'Pirasanth', 'Pirasanth Nirakulan', 'N. Pirasanth', '1998-08-04', 'f', '999/99, 8D Street Name comes here,\nLine2 lane name here,\nReagon and/or City\nCountry.', NULL, '2014-01-11 20:37:11'),
(304, '23304', 'Thanusika ', 'Thanusika  Sabesan', 'S. Thanusika', '1998-12-19', 'f', '999/99, 8D Street Name comes here,\nLine2 lane name here,\nReagon and/or City\nCountry.', NULL, '2014-01-11 20:37:11'),
(305, '23305', 'Yuvaraj', 'Yuvaraj Arunpuyan', 'A. Yuvaraj', '1998-01-29', 'f', '999/99, 8D Street Name comes here,\nLine2 lane name here,\nReagon and/or City\nCountry.', NULL, '2014-01-11 20:37:11'),
(306, '23306', 'Rathusan', 'Rathusan Vaageesan', 'V. Rathusan', '1998-06-07', 'm', '999/99, 8D Street Name comes here,\nLine2 lane name here,\nReagon and/or City\nCountry.', NULL, '2014-01-11 20:37:11'),
(307, '23307', 'Pratheepa ', 'Pratheepa  Kamesalingam', 'K. Pratheepa', '1998-10-27', 'f', '999/99, 8D Street Name comes here,\nLine2 lane name here,\nReagon and/or City\nCountry.', NULL, '2014-01-11 20:37:11'),
(308, '23308', 'Saipiriya ', 'Saipiriya  Rathusan', 'R. Saipiriya', '1998-04-30', 'f', '999/99, 8D Street Name comes here,\nLine2 lane name here,\nReagon and/or City\nCountry.', NULL, '2014-01-11 20:37:11'),
(309, '23309', 'Sulaxmy ', 'Sulaxmy  Pirunthan', 'P. Sulaxmy', '1998-11-28', 'f', '999/99, 8D Street Name comes here,\nLine2 lane name here,\nReagon and/or City\nCountry.', NULL, '2014-01-11 20:37:11'),
(310, '23310', 'Mirojan', 'Mirojan Sivarajah', 'S. Mirojan', '1998-08-08', 'm', '999/99, 8D Street Name comes here,\nLine2 lane name here,\nReagon and/or City\nCountry.', NULL, '2014-01-11 20:37:11'),
(311, '23311', 'Nirojini ', 'Nirojini  Navashanthan', 'N. Nirojini', '1998-10-07', 'f', '999/99, 8D Street Name comes here,\nLine2 lane name here,\nReagon and/or City\nCountry.', NULL, '2014-01-11 20:37:11'),
(312, '23312', 'Sinthuja ', 'Sinthuja  Rasalingam', 'R. Sinthuja', '1998-11-29', 'f', '999/99, 8D Street Name comes here,\nLine2 lane name here,\nReagon and/or City\nCountry.', NULL, '2014-01-11 20:37:11'),
(313, '23313', 'Jatheesan', 'Jatheesan Natgunarajah', 'N. Jatheesan', '1998-09-24', 'm', '999/99, 8D Street Name comes here,\nLine2 lane name here,\nReagon and/or City\nCountry.', NULL, '2014-01-11 20:37:11'),
(314, '23314', 'Thanusha ', 'Thanusha  Vaishalan', 'V. Thanusha', '1998-10-30', 'f', '999/99, 8D Street Name comes here,\nLine2 lane name here,\nReagon and/or City\nCountry.', NULL, '2014-01-11 20:37:12'),
(315, '23315', 'Sathurthika ', 'Sathurthika  Sinthujan', 'S. Sathurthika', '1998-02-21', 'f', '999/99, 8D Street Name comes here,\nLine2 lane name here,\nReagon and/or City\nCountry.', NULL, '2014-01-11 20:37:12'),
(316, '23316', 'Theepan', 'Theepan Sivanesarajah', 'S. Theepan', '1998-01-21', 'm', '999/99, 8D Street Name comes here,\nLine2 lane name here,\nReagon and/or City\nCountry.', NULL, '2014-01-11 20:37:12'),
(317, '23317', 'Kajalini ', 'Kajalini  Selvarasa', 'S. Kajalini', '1998-08-13', 'f', '999/99, 8D Street Name comes here,\nLine2 lane name here,\nReagon and/or City\nCountry.', NULL, '2014-01-11 20:37:12'),
(318, '23318', 'Jejadilaxsan', 'Jejadilaxsan Jeyanathan', 'J. Jejadilaxsan', '1998-08-14', 'm', '999/99, 8D Street Name comes here,\nLine2 lane name here,\nReagon and/or City\nCountry.', NULL, '2014-01-11 20:37:12'),
(319, '23319', 'Thadchajini ', 'Thadchajini  Nirokajan', 'N. Thadchajini', '1998-10-07', 'f', '999/99, 8D Street Name comes here,\nLine2 lane name here,\nReagon and/or City\nCountry.', NULL, '2014-01-11 20:37:12'),
(320, '23320', 'Yogavahani ', 'Yogavahani  Venuyan', 'V. Yogavahani', '1998-03-16', 'f', '999/99, 8D Street Name comes here,\nLine2 lane name here,\nReagon and/or City\nCountry.', NULL, '2014-01-11 20:37:12'),
(321, '23321', 'Arooran', 'Arooran Thilanathan', 'T. Arooran', '1998-04-19', 'm', '999/99, 8D Street Name comes here,\nLine2 lane name here,\nReagon and/or City\nCountry.', NULL, '2014-01-11 20:37:12'),
(322, '23322', 'Yathursan', 'Yathursan Logithan', 'L. Yathursan', '1998-05-15', 'm', '999/99, 8D Street Name comes here,\nLine2 lane name here,\nReagon and/or City\nCountry.', NULL, '2014-01-11 20:37:12'),
(323, '23323', 'Senthiha ', 'Senthiha  Umakaran', 'U. Senthiha', '1998-01-30', 'f', '999/99, 8D Street Name comes here,\nLine2 lane name here,\nReagon and/or City\nCountry.', NULL, '2014-01-11 20:37:12'),
(324, '23324', 'Vamanan', 'Vamanan Sornakanthan', 'S. Vamanan', '1998-06-05', 'm', '999/99, 8D Street Name comes here,\nLine2 lane name here,\nReagon and/or City\nCountry.', NULL, '2014-01-11 20:37:12'),
(325, '23325', 'Venuja ', 'Venuja  Thillainadaraja', 'T. Venuja', '1998-03-18', 'f', '999/99, 8D Street Name comes here,\nLine2 lane name here,\nReagon and/or City\nCountry.', NULL, '2014-01-11 20:37:12'),
(326, '23326', 'Karthika ', 'Karthika  Vigneswaran', 'V. Karthika', '1998-09-28', 'f', '999/99, 8D Street Name comes here,\nLine2 lane name here,\nReagon and/or City\nCountry.', NULL, '2014-01-11 20:37:12'),
(327, '23327', 'Sivanchali ', 'Sivanchali  Thurairajasingam', 'T. Sivanchali', '1998-09-30', 'f', '999/99, 8D Street Name comes here,\nLine2 lane name here,\nReagon and/or City\nCountry.', NULL, '2014-01-11 20:37:12'),
(328, '23328', 'Kensika ', 'Kensika  Subramaniyam', 'S. Kensika', '1998-08-13', 'f', '999/99, 8D Street Name comes here,\nLine2 lane name here,\nReagon and/or City\nCountry.', NULL, '2014-01-11 20:37:12'),
(329, '23329', 'Kirishanth', 'Kirishanth Thuraisingam', 'T. Kirishanth', '1998-04-15', 'f', '999/99, 8D Street Name comes here,\nLine2 lane name here,\nReagon and/or City\nCountry.', NULL, '2014-01-11 20:37:12'),
(330, '23330', 'Shakana ', 'Shakana  Ianarthanasarma', 'I. Shakana', '1998-11-06', 'f', '999/99, 8D Street Name comes here,\nLine2 lane name here,\nReagon and/or City\nCountry.', NULL, '2014-01-11 20:37:12'),
(331, '23331', 'Jeyakanesh', 'Jeyakanesh Thenugan', 'T. Jeyakanesh', '1998-04-27', 'f', '999/99, 8D Street Name comes here,\nLine2 lane name here,\nReagon and/or City\nCountry.', NULL, '2014-01-11 20:37:12'),
(332, '23332', 'Thurkkajini ', 'Thurkkajini  Atchuthan', 'A. Thurkkajini', '1998-05-29', 'f', '999/99, 8D Street Name comes here,\nLine2 lane name here,\nReagon and/or City\nCountry.', NULL, '2014-01-11 20:37:12'),
(333, '23333', 'Sujithan', 'Sujithan Jenuganthan', 'J. Sujithan', '1998-11-17', 'm', '999/99, 8D Street Name comes here,\nLine2 lane name here,\nReagon and/or City\nCountry.', NULL, '2014-01-11 20:37:12'),
(334, '23334', 'Majuri ', 'Majuri  Thavarajah', 'T. Majuri', '1998-01-10', 'f', '999/99, 8D Street Name comes here,\nLine2 lane name here,\nReagon and/or City\nCountry.', NULL, '2014-01-11 20:37:12'),
(335, '23335', 'Thaasan', 'Thaasan Seyon', 'S. Thaasan', '1998-08-12', 'm', '999/99, 8D Street Name comes here,\nLine2 lane name here,\nReagon and/or City\nCountry.', NULL, '2014-01-11 20:37:12'),
(336, '23336', 'Vithusan', 'Vithusan Nadaraja', 'N. Vithusan', '1998-10-18', 'm', '999/99, 8D Street Name comes here,\nLine2 lane name here,\nReagon and/or City\nCountry.', NULL, '2014-01-11 20:37:12'),
(337, '23337', 'Varaluxmy ', 'Varaluxmy  Sivapathasuntharam', 'S. Varaluxmy', '1998-03-20', 'f', '999/99, 8D Street Name comes here,\nLine2 lane name here,\nReagon and/or City\nCountry.', NULL, '2014-01-11 20:37:12'),
(338, '23338', 'Paviththira ', 'Paviththira  Kabilnath', 'K. Paviththira', '1998-01-20', 'f', '999/99, 8D Street Name comes here,\nLine2 lane name here,\nReagon and/or City\nCountry.', NULL, '2014-01-11 20:37:13'),
(339, '23339', 'Sinthuja ', 'Sinthuja  Panujan', 'P. Sinthuja', '1998-10-22', 'f', '999/99, 8D Street Name comes here,\nLine2 lane name here,\nReagon and/or City\nCountry.', NULL, '2014-01-11 20:37:13'),
(340, '23340', 'Tharshikan', 'Tharshikan Tharaneeban', 'T. Tharshikan', '1998-01-20', 'm', '999/99, 8D Street Name comes here,\nLine2 lane name here,\nReagon and/or City\nCountry.', NULL, '2014-01-11 20:37:13'),
(341, '23341', 'Kavaasthika ', 'Kavaasthika  Jeyasangar', 'J. Kavaasthika', '1998-01-12', 'f', '999/99, 8D Street Name comes here,\nLine2 lane name here,\nReagon and/or City\nCountry.', NULL, '2014-01-11 20:37:13'),
(342, '23342', 'Kesajini ', 'Kesajini  Mahinthan', 'M. Kesajini', '1998-07-25', 'f', '999/99, 8D Street Name comes here,\nLine2 lane name here,\nReagon and/or City\nCountry.', NULL, '2014-01-11 20:37:13'),
(343, '23343', 'Kejana ', 'Kejana  Pirasanth', 'P. Kejana', '1998-07-01', 'f', '999/99, 8D Street Name comes here,\nLine2 lane name here,\nReagon and/or City\nCountry.', NULL, '2014-01-11 20:37:13'),
(344, '23344', 'Jathirshan', 'Jathirshan Suntharalingam', 'S. Jathirshan', '1998-04-16', 'm', '999/99, 8D Street Name comes here,\nLine2 lane name here,\nReagon and/or City\nCountry.', NULL, '2014-01-11 20:37:13'),
(345, '23345', 'Heerthana ', 'Heerthana  Subangan', 'S. Heerthana', '1998-06-29', 'f', '999/99, 8D Street Name comes here,\nLine2 lane name here,\nReagon and/or City\nCountry.', NULL, '2014-01-11 20:37:13'),
(346, '23346', 'Pirananavan', 'Pirananavan Navarajakumaran', 'N. Pirananavan', '1998-07-10', 'm', '999/99, 8D Street Name comes here,\nLine2 lane name here,\nReagon and/or City\nCountry.', NULL, '2014-01-11 20:37:13'),
(347, '23347', 'Kavaaskar', 'Kavaaskar Narendran', 'N. Kavaaskar', '1998-01-18', 'f', '999/99, 8D Street Name comes here,\nLine2 lane name here,\nReagon and/or City\nCountry.', NULL, '2014-01-11 20:37:13'),
(348, '23348', 'Shayini ', 'Shayini  Ramesh', 'R. Shayini', '1998-09-15', 'f', '999/99, 8D Street Name comes here,\nLine2 lane name here,\nReagon and/or City\nCountry.', NULL, '2014-01-11 20:37:13'),
(349, '23349', 'Kamaladshan', 'Kamaladshan Sanjeeban', 'S. Kamaladshan', '1998-11-16', 'm', '999/99, 8D Street Name comes here,\nLine2 lane name here,\nReagon and/or City\nCountry.', NULL, '2014-01-11 20:37:13'),
(350, '23350', 'Sahana ', 'Sahana  Pathmanathan', 'P. Sahana', '1998-03-08', 'f', '999/99, 8D Street Name comes here,\nLine2 lane name here,\nReagon and/or City\nCountry.', NULL, '2014-01-11 20:37:13'),
(351, '23351', 'Langesan', 'Langesan Saththanathan', 'S. Langesan', '1998-01-09', 'm', '999/99, 8D Street Name comes here,\nLine2 lane name here,\nReagon and/or City\nCountry.', NULL, '2014-01-11 20:37:13'),
(352, '23352', 'Jathursan', 'Jathursan Thuvarahan', 'T. Jathursan', '1998-03-24', 'm', '999/99, 8D Street Name comes here,\nLine2 lane name here,\nReagon and/or City\nCountry.', NULL, '2014-01-11 20:37:13'),
(353, '23353', 'Thayaniga ', 'Thayaniga  Thusiyanthan', 'T. Thayaniga', '1998-08-15', 'f', '999/99, 8D Street Name comes here,\nLine2 lane name here,\nReagon and/or City\nCountry.', NULL, '2014-01-11 20:37:13'),
(354, '23354', 'Kajanthini ', 'Kajanthini  Yogeswaran', 'Y. Kajanthini', '1998-06-27', 'f', '999/99, 8D Street Name comes here,\nLine2 lane name here,\nReagon and/or City\nCountry.', NULL, '2014-01-11 20:37:13'),
(355, '23355', 'Kavinthan', 'Kavinthan Vithusan', 'V. Kavinthan', '1998-08-26', 'm', '999/99, 8D Street Name comes here,\nLine2 lane name here,\nReagon and/or City\nCountry.', NULL, '2014-01-11 20:37:13'),
(356, '23356', 'Vibushna', 'Vibushna Jenoyan', 'J. Vibushna', '1998-04-29', 'f', '999/99, 8D Street Name comes here,\nLine2 lane name here,\nReagon and/or City\nCountry.', NULL, '2014-01-11 20:37:13'),
(357, '23357', 'Roshani ', 'Roshani  Manmatharajah', 'M. Roshani', '1998-02-23', 'f', '999/99, 8D Street Name comes here,\nLine2 lane name here,\nReagon and/or City\nCountry.', NULL, '2014-01-11 20:37:13'),
(358, '23358', 'Anusha ', 'Anusha  Uthayakumar', 'U. Anusha', '1998-09-13', 'f', '999/99, 8D Street Name comes here,\nLine2 lane name here,\nReagon and/or City\nCountry.', NULL, '2014-01-11 20:37:13'),
(359, '23359', 'Keerthiga ', 'Keerthiga  Arulraj', 'A. Keerthiga', '1998-04-08', 'f', '999/99, 8D Street Name comes here,\nLine2 lane name here,\nReagon and/or City\nCountry.', NULL, '2014-01-11 20:37:13'),
(360, '23360', 'Veshalini ', 'Veshalini  Sajeevan', 'S. Veshalini', '1998-12-21', 'f', '999/99, 8D Street Name comes here,\nLine2 lane name here,\nReagon and/or City\nCountry.', NULL, '2014-01-11 20:37:13'),
(361, '23361', 'Saranya ', 'Saranya  Manokaran', 'M. Saranya', '1998-08-22', 'f', '999/99, 8D Street Name comes here,\nLine2 lane name here,\nReagon and/or City\nCountry.', NULL, '2014-01-11 20:37:13'),
(362, '23362', 'Pirathusa ', 'Pirathusa  Patkunarajah', 'P. Pirathusa', '1998-03-14', 'f', '999/99, 8D Street Name comes here,\nLine2 lane name here,\nReagon and/or City\nCountry.', NULL, '2014-01-11 20:37:14'),
(363, '23363', 'Janaarththanan', 'Janaarththanan Satkunanathan', 'S. Janaarththanan', '1998-10-18', 'm', '999/99, 8D Street Name comes here,\nLine2 lane name here,\nReagon and/or City\nCountry.', NULL, '2014-01-11 20:37:14'),
(364, '23364', 'Vinoja ', 'Vinoja  Vithushan', 'V. Vinoja', '1998-03-29', 'f', '999/99, 8D Street Name comes here,\nLine2 lane name here,\nReagon and/or City\nCountry.', NULL, '2014-01-11 20:37:14'),
(365, '23365', 'Thibahary ', 'Thibahary  Kruishnashamy', 'K. Thibahary', '1998-02-13', 'f', '999/99, 8D Street Name comes here,\nLine2 lane name here,\nReagon and/or City\nCountry.', NULL, '2014-01-11 20:37:14'),
(366, '23366', 'Menalanan', 'Menalanan Pirabaharan', 'P. Menalanan', '1998-05-16', 'm', '999/99, 8D Street Name comes here,\nLine2 lane name here,\nReagon and/or City\nCountry.', NULL, '2014-01-11 20:37:14'),
(367, '23367', 'Birunthapan', 'Birunthapan Karunathas', 'K. Birunthapan', '1998-09-19', 'm', '999/99, 8D Street Name comes here,\nLine2 lane name here,\nReagon and/or City\nCountry.', NULL, '2014-01-11 20:37:14'),
(368, '23368', 'Meera ', 'Meera  Jeevaraj', 'J. Meera', '1998-04-23', 'f', '999/99, 8D Street Name comes here,\nLine2 lane name here,\nReagon and/or City\nCountry.', NULL, '2014-01-11 20:37:14'),
(369, '23369', 'Kema ', 'Kema  Tharsiharan', 'T. Kema', '1998-07-15', 'f', '999/99, 8D Street Name comes here,\nLine2 lane name here,\nReagon and/or City\nCountry.', NULL, '2014-01-11 20:37:14'),
(370, '23370', 'Mathanika ', 'Mathanika  Roy Banusankar', 'R. Mathanika', '1998-08-23', 'f', '999/99, 8D Street Name comes here,\nLine2 lane name here,\nReagon and/or City\nCountry.', NULL, '2014-01-11 20:37:14'),
(371, '23371', 'Sivaluxshan', 'Sivaluxshan Navaratnam', 'N. Sivaluxshan', '1998-07-01', 'm', '999/99, 8D Street Name comes here,\nLine2 lane name here,\nReagon and/or City\nCountry.', NULL, '2014-01-11 20:37:14'),
(372, '23372', 'Anusiya ', 'Anusiya  V.Vithusan', 'V. Anusiya', '1998-02-02', 'f', '999/99, 8D Street Name comes here,\nLine2 lane name here,\nReagon and/or City\nCountry.', NULL, '2014-01-11 20:37:14'),
(373, '23373', 'Sinthujan', 'Sinthujan Sabesan', 'S. Sinthujan', '1998-03-18', 'm', '999/99, 8D Street Name comes here,\nLine2 lane name here,\nReagon and/or City\nCountry.', NULL, '2014-01-11 20:37:14'),
(374, '23374', 'Sinthuja ', 'Sinthuja  Srinath', 'S. Sinthuja', '1998-12-24', 'f', '999/99, 8D Street Name comes here,\nLine2 lane name here,\nReagon and/or City\nCountry.', NULL, '2014-01-11 20:37:14'),
(375, '23375', 'Nallayini ', 'Nallayini  Pakeerathan', 'P. Nallayini', '1998-09-13', 'f', '999/99, 8D Street Name comes here,\nLine2 lane name here,\nReagon and/or City\nCountry.', NULL, '2014-01-11 20:37:14'),
(376, '23376', 'Pirunthan', 'Pirunthan Krishnananthasivam', 'K. Pirunthan', '1998-12-11', 'm', '999/99, 8D Street Name comes here,\nLine2 lane name here,\nReagon and/or City\nCountry.', NULL, '2014-01-11 20:37:14'),
(377, '23377', 'Sajeevany ', 'Sajeevany  Sumantharan', 'S. Sajeevany', '1998-05-13', 'f', '999/99, 8D Street Name comes here,\nLine2 lane name here,\nReagon and/or City\nCountry.', NULL, '2014-01-11 20:37:14'),
(378, '23378', 'Gunalini ', 'Gunalini  Selvaratnam', 'S. Gunalini', '1998-05-08', 'f', '999/99, 8D Street Name comes here,\nLine2 lane name here,\nReagon and/or City\nCountry.', NULL, '2014-01-11 20:37:14'),
(379, '23379', 'Kajanany ', 'Kajanany  Murugananthan', 'M. Kajanany', '1998-01-17', 'f', '999/99, 8D Street Name comes here,\nLine2 lane name here,\nReagon and/or City\nCountry.', NULL, '2014-01-11 20:37:14'),
(380, '23380', 'Tharsiharan', 'Tharsiharan Kamaladshan', 'K. Tharsiharan', '1998-05-18', 'm', '999/99, 8D Street Name comes here,\nLine2 lane name here,\nReagon and/or City\nCountry.', NULL, '2014-01-11 20:37:14'),
(381, '23381', 'Mayuran', 'Mayuran Sriskantharajah', 'S. Mayuran', '1998-12-07', 'm', '999/99, 8D Street Name comes here,\nLine2 lane name here,\nReagon and/or City\nCountry.', NULL, '2014-01-11 20:37:14'),
(382, '23382', 'Sharaniya ', 'Sharaniya  Thusantthan', 'T. Sharaniya', '1998-12-21', 'f', '999/99, 8D Street Name comes here,\nLine2 lane name here,\nReagon and/or City\nCountry.', NULL, '2014-01-11 20:37:14'),
(383, '23383', 'Pakeerthika ', 'Pakeerthika  Jeyarajasingam', 'J. Pakeerthika', '1998-04-05', 'f', '999/99, 8D Street Name comes here,\nLine2 lane name here,\nReagon and/or City\nCountry.', NULL, '2014-01-11 20:37:14'),
(384, '23384', 'Rajintha ', 'Rajintha  Jeyanathan', 'J. Rajintha', '1998-11-02', 'f', '999/99, 8D Street Name comes here,\nLine2 lane name here,\nReagon and/or City\nCountry.', NULL, '2014-01-11 20:37:14'),
(385, '23385', 'Ravishankaran', 'Ravishankaran Pirasanth', 'P. Ravishankaran', '1998-10-24', 'm', '999/99, 8D Street Name comes here,\nLine2 lane name here,\nReagon and/or City\nCountry.', NULL, '2014-01-11 20:37:14'),
(386, '23386', 'Hageeban', 'Hageeban Perinpanathan', 'P. Hageeban', '1998-09-04', 'm', '999/99, 8D Street Name comes here,\nLine2 lane name here,\nReagon and/or City\nCountry.', NULL, '2014-01-11 20:37:14'),
(387, '23387', 'Kanuja ', 'Kanuja  Yogeswaran', 'Y. Kanuja', '1998-04-13', 'f', '999/99, 8D Street Name comes here,\nLine2 lane name here,\nReagon and/or City\nCountry.', NULL, '2014-01-11 20:37:15'),
(388, '23388', 'Vaishnavy ', 'Vaishnavy  Naresh', 'N. Vaishnavy', '1998-03-25', 'f', '999/99, 8D Street Name comes here,\nLine2 lane name here,\nReagon and/or City\nCountry.', NULL, '2014-01-11 20:37:15'),
(389, '23389', 'Shanmukapiriya ', 'Shanmukapiriya  Vaikunthanathan', 'V. Shanmukapiriya', '1998-09-16', 'f', '999/99, 8D Street Name comes here,\nLine2 lane name here,\nReagon and/or City\nCountry.', NULL, '2014-01-11 20:37:15'),
(390, '23390', 'Ragithan', 'Ragithan Sinthujan', 'S. Ragithan', '1998-02-05', 'm', '999/99, 8D Street Name comes here,\nLine2 lane name here,\nReagon and/or City\nCountry.', NULL, '2014-01-11 20:37:15'),
(391, '23391', 'Karthika ', 'Karthika  Yogarajah', 'Y. Karthika', '1998-09-18', 'f', '999/99, 8D Street Name comes here,\nLine2 lane name here,\nReagon and/or City\nCountry.', NULL, '2014-01-11 20:37:15'),
(392, '23392', 'Jathursan', 'Jathursan Jayanthan', 'J. Jathursan', '1998-02-24', 'm', '999/99, 8D Street Name comes here,\nLine2 lane name here,\nReagon and/or City\nCountry.', NULL, '2014-01-11 20:37:15'),
(393, '23393', 'Abarna ', 'Abarna  Keerthikan', 'K. Abarna', '1998-11-09', 'f', '999/99, 8D Street Name comes here,\nLine2 lane name here,\nReagon and/or City\nCountry.', NULL, '2014-01-11 20:37:15'),
(394, '23394', 'Rajithathevi ', 'Rajithathevi  Palakirisnan', 'P. Rajithathevi', '1998-02-02', 'f', '999/99, 8D Street Name comes here,\nLine2 lane name here,\nReagon and/or City\nCountry.', NULL, '2014-01-11 20:37:15'),
(395, '23395', 'Sujeevan', 'Sujeevan Balakrishanan', 'B. Sujeevan', '1998-07-01', 'm', '999/99, 8D Street Name comes here,\nLine2 lane name here,\nReagon and/or City\nCountry.', NULL, '2014-01-11 20:37:15'),
(396, '23396', 'Suresika ', 'Suresika  Selvarajah', 'S. Suresika', '1998-11-14', 'f', '999/99, 8D Street Name comes here,\nLine2 lane name here,\nReagon and/or City\nCountry.', NULL, '2014-01-11 20:37:15'),
(397, '23397', 'Mannavan', 'Mannavan Thiviyan', 'T. Mannavan', '1998-09-13', 'm', '999/99, 8D Street Name comes here,\nLine2 lane name here,\nReagon and/or City\nCountry.', NULL, '2014-01-11 20:37:15'),
(398, '23398', 'Vithakan', 'Vithakan Sujeevan', 'S. Vithakan', '1998-07-09', 'm', '999/99, 8D Street Name comes here,\nLine2 lane name here,\nReagon and/or City\nCountry.', NULL, '2014-01-11 20:37:15'),
(399, '23399', 'Tency', 'Tency Janarthanan', 'J. Tency', '1998-11-23', 'f', '999/99, 8D Street Name comes here,\nLine2 lane name here,\nReagon and/or City\nCountry.', NULL, '2014-01-11 20:37:15'),
(400, '23400', 'Gobidas', 'Gobidas Pulendran', 'P. Gobidas', '1998-03-08', 'm', '999/99, 8D Street Name comes here,\nLine2 lane name here,\nReagon and/or City\nCountry.', NULL, '2014-01-11 20:37:15'),
(401, '23401', 'Swasthika ', 'Swasthika  Kamaladshan', 'K. Swasthika', '1998-10-08', 'f', '999/99, 8D Street Name comes here,\nLine2 lane name here,\nReagon and/or City\nCountry.', NULL, '2014-01-11 20:37:15'),
(402, '23402', 'Pirakash', 'Pirakash Kirushan', 'K. Pirakash', '1998-08-05', 'f', '999/99, 8D Street Name comes here,\nLine2 lane name here,\nReagon and/or City\nCountry.', NULL, '2014-01-11 20:37:15'),
(403, '23403', 'Kajany ', 'Kajany  Logeswaran', 'L. Kajany', '1998-11-11', 'f', '999/99, 8D Street Name comes here,\nLine2 lane name here,\nReagon and/or City\nCountry.', NULL, '2014-01-11 20:37:15'),
(404, '23404', 'Pirunthajaini ', 'Pirunthajaini  Siventhiran', 'S. Pirunthajaini', '1998-01-28', 'f', '999/99, 8D Street Name comes here,\nLine2 lane name here,\nReagon and/or City\nCountry.', NULL, '2014-01-11 20:37:15'),
(405, '23405', 'Pratheesa ', 'Pratheesa  Sriskantharaja', 'S. Pratheesa', '1998-11-23', 'f', '999/99, 8D Street Name comes here,\nLine2 lane name here,\nReagon and/or City\nCountry.', NULL, '2014-01-11 20:37:15'),
(406, '23406', 'Venuja ', 'Venuja  Tharakulan', 'T. Venuja', '1998-12-01', 'f', '999/99, 8D Street Name comes here,\nLine2 lane name here,\nReagon and/or City\nCountry.', NULL, '2014-01-11 20:37:15'),
(407, '23407', 'Thamilini ', 'Thamilini  Narenthiran', 'N. Thamilini', '1998-09-04', 'f', '999/99, 8D Street Name comes here,\nLine2 lane name here,\nReagon and/or City\nCountry.', NULL, '2014-01-11 20:37:15'),
(408, '23408', 'Suvasthika ', 'Suvasthika  Venukanan', 'V. Suvasthika', '1998-03-20', 'f', '999/99, 8D Street Name comes here,\nLine2 lane name here,\nReagon and/or City\nCountry.', NULL, '2014-01-11 20:37:15'),
(409, '23409', 'Thanappiriya ', 'Thanappiriya  Logananthan', 'L. Thanappiriya', '1998-03-15', 'f', '999/99, 8D Street Name comes here,\nLine2 lane name here,\nReagon and/or City\nCountry.', NULL, '2014-01-11 20:37:15'),
(410, '23410', 'Jenojan', 'Jenojan Umasangar', 'U. Jenojan', '1998-01-09', 'm', '999/99, 8D Street Name comes here,\nLine2 lane name here,\nReagon and/or City\nCountry.', NULL, '2014-01-11 20:37:15'),
(411, '23411', 'Sivanuya ', 'Sivanuya  Kisoban', 'K. Sivanuya', '1998-02-07', 'f', '999/99, 8D Street Name comes here,\nLine2 lane name here,\nReagon and/or City\nCountry.', NULL, '2014-01-11 20:37:15'),
(412, '23412', 'Sutharshini ', 'Sutharshini  Srithuvarakan', 'S. Sutharshini', '1998-02-06', 'f', '999/99, 8D Street Name comes here,\nLine2 lane name here,\nReagon and/or City\nCountry.', NULL, '2014-01-11 20:37:16'),
(413, '23413', 'Thiripuran', 'Thiripuran Nagarajah', 'N. Thiripuran', '1998-03-28', 'm', '999/99, 8D Street Name comes here,\nLine2 lane name here,\nReagon and/or City\nCountry.', NULL, '2014-01-11 20:37:16'),
(414, '23414', 'Sugirtha ', 'Sugirtha  Nithiyananthan', 'N. Sugirtha', '1998-02-24', 'f', '999/99, 8D Street Name comes here,\nLine2 lane name here,\nReagon and/or City\nCountry.', NULL, '2014-01-11 20:37:16'),
(415, '23415', 'Logasuthan', 'Logasuthan Sanmugalingam', 'S. Logasuthan', '1998-08-02', 'm', '999/99, 8D Street Name comes here,\nLine2 lane name here,\nReagon and/or City\nCountry.', NULL, '2014-01-11 20:37:16'),
(416, '23416', 'Logika ', 'Logika  Vishnukoban', 'V. Logika', '1998-01-29', 'f', '999/99, 8D Street Name comes here,\nLine2 lane name here,\nReagon and/or City\nCountry.', NULL, '2014-01-11 20:37:16'),
(417, '23417', 'Gulamagal ', 'Gulamagal  Luxan', 'L. Gulamagal', '1998-05-08', 'f', '999/99, 8D Street Name comes here,\nLine2 lane name here,\nReagon and/or City\nCountry.', NULL, '2014-01-11 20:37:16'),
(418, '23418', 'Kulatheepan', 'Kulatheepan Selvalingam', 'S. Kulatheepan', '1998-04-06', 'm', '999/99, 8D Street Name comes here,\nLine2 lane name here,\nReagon and/or City\nCountry.', NULL, '2014-01-11 20:37:16'),
(419, '23419', 'Kirisnavathani ', 'Kirisnavathani  Tharsikan', 'T. Kirisnavathani', '1998-11-16', 'f', '999/99, 8D Street Name comes here,\nLine2 lane name here,\nReagon and/or City\nCountry.', NULL, '2014-01-11 20:37:16'),
(420, '23420', 'Venuganan', 'Venuganan Mithulan', 'M. Venuganan', '1998-04-30', 'm', '999/99, 8D Street Name comes here,\nLine2 lane name here,\nReagon and/or City\nCountry.', NULL, '2014-01-11 20:37:16'),
(421, '23421', 'Vanathy ', 'Vanathy  Nishanthan', 'N. Vanathy', '1998-06-01', 'f', '999/99, 8D Street Name comes here,\nLine2 lane name here,\nReagon and/or City\nCountry.', NULL, '2014-01-11 20:37:16'),
(422, '23422', 'Kirishanth', 'Kirishanth Parameswaran', 'P. Kirishanth', '1998-08-06', 'm', '999/99, 8D Street Name comes here,\nLine2 lane name here,\nReagon and/or City\nCountry.', NULL, '2014-01-11 20:37:16'),
(423, '23423', 'Suganiya ', 'Suganiya  Kanesalingam', 'K. Suganiya', '1998-07-19', 'f', '999/99, 8D Street Name comes here,\nLine2 lane name here,\nReagon and/or City\nCountry.', NULL, '2014-01-11 20:37:16'),
(424, '23424', 'Rakuraam', 'Rakuraam Jesuthasan', 'J. Rakuraam', '1998-05-20', 'f', '999/99, 8D Street Name comes here,\nLine2 lane name here,\nReagon and/or City\nCountry.', NULL, '2014-01-11 20:37:16'),
(425, '23425', 'Supiya ', 'Supiya  Balakirisnan', 'B. Supiya', '1998-06-14', 'f', '999/99, 8D Street Name comes here,\nLine2 lane name here,\nReagon and/or City\nCountry.', NULL, '2014-01-11 20:37:16'),
(426, '23426', 'Arunthini ', 'Arunthini  Prashanthan', 'P. Arunthini', '1998-03-02', 'f', '999/99, 8D Street Name comes here,\nLine2 lane name here,\nReagon and/or City\nCountry.', NULL, '2014-01-11 20:37:16');

--
-- Dumping data for table `student_classroom_module`
--

REPLACE INTO `student_classroom_module` (`idstudent_classroom_module`, `classroom_student_idclassroom_student`, `classroom_module_idclassroom_module`, `modified_time`) VALUES
(1, 1, 9, '2014-01-12 07:10:45'),
(2, 2, 11, '2014-01-12 07:10:45'),
(3, 3, 10, '2014-01-12 07:10:45'),
(4, 4, 11, '2014-01-12 07:10:45'),
(5, 5, 10, '2014-01-12 07:10:45'),
(6, 6, 9, '2014-01-12 07:10:45'),
(7, 7, 9, '2014-01-12 07:10:45'),
(8, 8, 9, '2014-01-12 07:10:45'),
(9, 9, 10, '2014-01-12 07:10:45'),
(10, 10, 10, '2014-01-12 07:10:45'),
(11, 11, 9, '2014-01-12 07:10:45'),
(12, 12, 9, '2014-01-12 07:10:46'),
(13, 13, 10, '2014-01-12 07:10:46'),
(14, 14, 11, '2014-01-12 07:10:46'),
(15, 15, 9, '2014-01-12 07:10:46'),
(16, 16, 10, '2014-01-12 07:10:46'),
(17, 17, 9, '2014-01-12 07:10:46'),
(18, 18, 9, '2014-01-12 07:10:46'),
(19, 19, 10, '2014-01-12 07:10:46'),
(20, 20, 11, '2014-01-12 07:10:46'),
(21, 21, 9, '2014-01-12 07:10:46'),
(22, 22, 9, '2014-01-12 07:10:46'),
(23, 23, 9, '2014-01-12 07:10:46'),
(24, 24, 9, '2014-01-12 07:10:46'),
(25, 25, 11, '2014-01-12 07:10:46'),
(26, 26, 9, '2014-01-12 07:10:46'),
(27, 27, 9, '2014-01-12 07:10:46'),
(28, 28, 11, '2014-01-12 07:10:46'),
(29, 29, 11, '2014-01-12 07:10:46'),
(30, 30, 11, '2014-01-12 07:10:46'),
(31, 31, 10, '2014-01-12 07:10:46'),
(32, 32, 10, '2014-01-12 07:10:46'),
(33, 33, 9, '2014-01-12 07:10:46'),
(34, 34, 22, '2014-01-12 07:10:46'),
(35, 35, 22, '2014-01-12 07:10:46'),
(36, 36, 20, '2014-01-12 07:10:46'),
(37, 37, 20, '2014-01-12 07:10:46'),
(38, 38, 22, '2014-01-12 07:10:46'),
(39, 39, 21, '2014-01-12 07:10:47'),
(40, 40, 22, '2014-01-12 07:10:47'),
(41, 41, 21, '2014-01-12 07:10:47'),
(42, 42, 20, '2014-01-12 07:10:47'),
(43, 43, 20, '2014-01-12 07:10:47'),
(44, 44, 20, '2014-01-12 07:10:47'),
(45, 45, 20, '2014-01-12 07:10:47'),
(46, 46, 22, '2014-01-12 07:10:47'),
(47, 47, 20, '2014-01-12 07:10:47'),
(48, 48, 21, '2014-01-12 07:10:47'),
(49, 49, 21, '2014-01-12 07:10:47'),
(50, 50, 22, '2014-01-12 07:10:47'),
(51, 51, 22, '2014-01-12 07:10:47'),
(52, 52, 20, '2014-01-12 07:10:47'),
(53, 53, 22, '2014-01-12 07:10:47'),
(54, 54, 21, '2014-01-12 07:10:47'),
(55, 55, 20, '2014-01-12 07:10:47'),
(56, 56, 20, '2014-01-12 07:10:47'),
(57, 57, 22, '2014-01-12 07:10:47'),
(58, 58, 20, '2014-01-12 07:10:47'),
(59, 59, 21, '2014-01-12 07:10:47'),
(60, 60, 21, '2014-01-12 07:10:47'),
(61, 61, 22, '2014-01-12 07:10:47'),
(62, 62, 20, '2014-01-12 07:10:47'),
(63, 63, 21, '2014-01-12 07:10:47'),
(64, 64, 21, '2014-01-12 07:10:47'),
(65, 65, 32, '2014-01-12 07:10:47'),
(66, 66, 33, '2014-01-12 07:10:48'),
(67, 67, 31, '2014-01-12 07:10:48'),
(68, 68, 33, '2014-01-12 07:10:48'),
(69, 69, 31, '2014-01-12 07:10:48'),
(70, 70, 32, '2014-01-12 07:10:48'),
(71, 71, 32, '2014-01-12 07:10:48'),
(72, 72, 32, '2014-01-12 07:10:48'),
(73, 73, 32, '2014-01-12 07:10:48'),
(74, 74, 33, '2014-01-12 07:10:48'),
(75, 75, 31, '2014-01-12 07:10:48'),
(76, 76, 33, '2014-01-12 07:10:48'),
(77, 77, 31, '2014-01-12 07:10:48'),
(78, 78, 31, '2014-01-12 07:10:48'),
(79, 79, 32, '2014-01-12 07:10:48'),
(80, 80, 33, '2014-01-12 07:10:48'),
(81, 81, 33, '2014-01-12 07:10:48'),
(82, 82, 32, '2014-01-12 07:10:48'),
(83, 83, 32, '2014-01-12 07:10:48'),
(84, 84, 33, '2014-01-12 07:10:48'),
(85, 85, 31, '2014-01-12 07:10:48'),
(86, 86, 32, '2014-01-12 07:10:48'),
(87, 87, 33, '2014-01-12 07:10:48'),
(88, 88, 32, '2014-01-12 07:10:48'),
(89, 89, 31, '2014-01-12 07:10:49'),
(90, 90, 31, '2014-01-12 07:10:49'),
(91, 91, 33, '2014-01-12 07:10:49'),
(92, 92, 33, '2014-01-12 07:10:49'),
(93, 93, 33, '2014-01-12 07:10:49'),
(94, 94, 32, '2014-01-12 07:10:49'),
(95, 95, 33, '2014-01-12 07:10:49'),
(96, 96, 32, '2014-01-12 07:10:49'),
(97, 97, 32, '2014-01-12 07:10:49'),
(98, 98, 42, '2014-01-12 07:10:49'),
(99, 99, 44, '2014-01-12 07:10:49'),
(100, 100, 43, '2014-01-12 07:10:49'),
(101, 101, 43, '2014-01-12 07:10:49'),
(102, 102, 42, '2014-01-12 07:10:49'),
(103, 103, 42, '2014-01-12 07:10:49'),
(104, 104, 43, '2014-01-12 07:10:49'),
(105, 105, 43, '2014-01-12 07:10:49'),
(106, 106, 43, '2014-01-12 07:10:49'),
(107, 107, 44, '2014-01-12 07:10:49'),
(108, 108, 44, '2014-01-12 07:10:49'),
(109, 109, 43, '2014-01-12 07:10:49'),
(110, 110, 42, '2014-01-12 07:10:49'),
(111, 111, 42, '2014-01-12 07:10:49'),
(112, 112, 44, '2014-01-12 07:10:49'),
(113, 113, 43, '2014-01-12 07:10:49'),
(114, 114, 44, '2014-01-12 07:10:49'),
(115, 115, 42, '2014-01-12 07:10:49'),
(116, 116, 43, '2014-01-12 07:10:50'),
(117, 117, 43, '2014-01-12 07:10:50'),
(118, 118, 42, '2014-01-12 07:10:50'),
(119, 119, 43, '2014-01-12 07:10:50'),
(120, 120, 44, '2014-01-12 07:10:50'),
(121, 121, 43, '2014-01-12 07:10:50'),
(122, 122, 42, '2014-01-12 07:10:50'),
(123, 123, 44, '2014-01-12 07:10:50'),
(124, 124, 43, '2014-01-12 07:10:50'),
(125, 125, 44, '2014-01-12 07:10:50'),
(126, 126, 42, '2014-01-12 07:10:50'),
(127, 127, 44, '2014-01-12 07:10:50'),
(128, 128, 42, '2014-01-12 07:10:50'),
(129, 129, 43, '2014-01-12 07:10:50'),
(130, 130, 42, '2014-01-12 07:10:50'),
(131, 131, 43, '2014-01-12 07:10:50'),
(132, 132, 44, '2014-01-12 07:10:50'),
(133, 133, 43, '2014-01-12 07:10:50'),
(134, 134, 43, '2014-01-12 07:10:50'),
(135, 135, 54, '2014-01-12 07:10:50'),
(136, 136, 53, '2014-01-12 07:10:50'),
(137, 137, 54, '2014-01-12 07:10:50'),
(138, 138, 53, '2014-01-12 07:10:51'),
(139, 139, 54, '2014-01-12 07:10:51'),
(140, 140, 53, '2014-01-12 07:10:51'),
(141, 141, 55, '2014-01-12 07:10:51'),
(142, 142, 54, '2014-01-12 07:10:51'),
(143, 143, 54, '2014-01-12 07:10:51'),
(144, 144, 53, '2014-01-12 07:10:51'),
(145, 145, 54, '2014-01-12 07:10:51'),
(146, 146, 55, '2014-01-12 07:10:51'),
(147, 147, 54, '2014-01-12 07:10:51'),
(148, 148, 55, '2014-01-12 07:10:51'),
(149, 149, 53, '2014-01-12 07:10:51'),
(150, 150, 53, '2014-01-12 07:10:51'),
(151, 151, 53, '2014-01-12 07:10:51'),
(152, 152, 53, '2014-01-12 07:10:51'),
(153, 153, 55, '2014-01-12 07:10:51'),
(154, 154, 53, '2014-01-12 07:10:51'),
(155, 155, 53, '2014-01-12 07:10:51'),
(156, 156, 55, '2014-01-12 07:10:51'),
(157, 157, 55, '2014-01-12 07:10:51'),
(158, 158, 53, '2014-01-12 07:10:51'),
(159, 159, 54, '2014-01-12 07:10:51'),
(160, 160, 54, '2014-01-12 07:10:51'),
(161, 161, 55, '2014-01-12 07:10:51'),
(162, 162, 66, '2014-01-12 07:10:51'),
(163, 163, 65, '2014-01-12 07:10:51'),
(164, 164, 64, '2014-01-12 07:10:51'),
(165, 165, 65, '2014-01-12 07:10:51'),
(166, 166, 65, '2014-01-12 07:10:52'),
(167, 167, 66, '2014-01-12 07:10:52'),
(168, 168, 66, '2014-01-12 07:10:52'),
(169, 169, 64, '2014-01-12 07:10:52'),
(170, 170, 66, '2014-01-12 07:10:52'),
(171, 171, 64, '2014-01-12 07:10:52'),
(172, 172, 65, '2014-01-12 07:10:52'),
(173, 173, 64, '2014-01-12 07:10:52'),
(174, 174, 64, '2014-01-12 07:10:52'),
(175, 175, 65, '2014-01-12 07:10:52'),
(176, 176, 66, '2014-01-12 07:10:52'),
(177, 177, 65, '2014-01-12 07:10:52'),
(178, 178, 65, '2014-01-12 07:10:52'),
(179, 179, 65, '2014-01-12 07:10:52'),
(180, 180, 64, '2014-01-12 07:10:52'),
(181, 181, 64, '2014-01-12 07:10:52'),
(182, 182, 65, '2014-01-12 07:10:52'),
(183, 183, 65, '2014-01-12 07:10:52'),
(184, 184, 66, '2014-01-12 07:10:52'),
(185, 185, 65, '2014-01-12 07:10:52'),
(186, 186, 65, '2014-01-12 07:10:52'),
(187, 187, 65, '2014-01-12 07:10:52'),
(188, 188, 65, '2014-01-12 07:10:52'),
(189, 189, 64, '2014-01-12 07:10:52'),
(190, 190, 66, '2014-01-12 07:10:52'),
(191, 191, 65, '2014-01-12 07:10:53'),
(192, 192, 66, '2014-01-12 07:10:53'),
(193, 193, 64, '2014-01-12 07:10:53'),
(194, 194, 65, '2014-01-12 07:10:53'),
(195, 195, 65, '2014-01-12 07:10:53'),
(196, 196, 66, '2014-01-12 07:10:53'),
(197, 197, 66, '2014-01-12 07:10:53'),
(198, 198, 66, '2014-01-12 07:10:53'),
(199, 199, 64, '2014-01-12 07:10:53'),
(200, 200, 77, '2014-01-12 07:10:53'),
(201, 201, 77, '2014-01-12 07:10:53'),
(202, 202, 77, '2014-01-12 07:10:53'),
(203, 203, 77, '2014-01-12 07:10:53'),
(204, 204, 75, '2014-01-12 07:10:53'),
(205, 205, 77, '2014-01-12 07:10:53'),
(206, 206, 75, '2014-01-12 07:10:53'),
(207, 207, 77, '2014-01-12 07:10:53'),
(208, 208, 77, '2014-01-12 07:10:53'),
(209, 209, 76, '2014-01-12 07:10:53'),
(210, 210, 76, '2014-01-12 07:10:53'),
(211, 211, 77, '2014-01-12 07:10:53'),
(212, 212, 76, '2014-01-12 07:10:53'),
(213, 213, 75, '2014-01-12 07:10:53'),
(214, 214, 77, '2014-01-12 07:10:53'),
(215, 215, 76, '2014-01-12 07:10:53'),
(216, 216, 75, '2014-01-12 07:10:53'),
(217, 217, 77, '2014-01-12 07:10:54'),
(218, 218, 77, '2014-01-12 07:10:54'),
(219, 219, 75, '2014-01-12 07:10:54'),
(220, 220, 75, '2014-01-12 07:10:54'),
(221, 221, 75, '2014-01-12 07:10:54'),
(222, 222, 75, '2014-01-12 07:10:54'),
(223, 223, 76, '2014-01-12 07:10:54'),
(224, 224, 76, '2014-01-12 07:10:54'),
(225, 225, 76, '2014-01-12 07:10:54'),
(226, 226, 75, '2014-01-12 07:10:54'),
(227, 227, 77, '2014-01-12 07:10:54'),
(228, 228, 75, '2014-01-12 07:10:54'),
(229, 229, 77, '2014-01-12 07:10:54'),
(230, 230, 76, '2014-01-12 07:10:54'),
(231, 231, 77, '2014-01-12 07:10:54'),
(232, 232, 77, '2014-01-12 07:10:54'),
(233, 233, 75, '2014-01-12 07:10:54'),
(234, 234, 77, '2014-01-12 07:10:54'),
(235, 235, 77, '2014-01-12 07:10:54'),
(236, 236, 76, '2014-01-12 07:10:54'),
(237, 237, 88, '2014-01-12 07:10:54'),
(238, 238, 87, '2014-01-12 07:10:54'),
(239, 239, 86, '2014-01-12 07:10:54'),
(240, 240, 87, '2014-01-12 07:10:55'),
(241, 241, 86, '2014-01-12 07:10:55'),
(242, 242, 88, '2014-01-12 07:10:55'),
(243, 243, 87, '2014-01-12 07:10:55'),
(244, 244, 87, '2014-01-12 07:10:55'),
(245, 245, 88, '2014-01-12 07:10:55'),
(246, 246, 87, '2014-01-12 07:10:55'),
(247, 247, 88, '2014-01-12 07:10:55'),
(248, 248, 87, '2014-01-12 07:10:55'),
(249, 249, 86, '2014-01-12 07:10:55'),
(250, 250, 87, '2014-01-12 07:10:55'),
(251, 251, 86, '2014-01-12 07:10:55'),
(252, 252, 86, '2014-01-12 07:10:55'),
(253, 253, 88, '2014-01-12 07:10:55'),
(254, 254, 88, '2014-01-12 07:10:55'),
(255, 255, 86, '2014-01-12 07:10:55'),
(256, 256, 87, '2014-01-12 07:10:55'),
(257, 257, 86, '2014-01-12 07:10:55'),
(258, 258, 88, '2014-01-12 07:10:55'),
(259, 259, 86, '2014-01-12 07:10:55'),
(260, 260, 88, '2014-01-12 07:10:55'),
(261, 261, 88, '2014-01-12 07:10:55'),
(262, 262, 86, '2014-01-12 07:10:55'),
(263, 263, 86, '2014-01-12 07:10:55'),
(264, 264, 88, '2014-01-12 07:10:56'),
(265, 265, 86, '2014-01-12 07:10:56'),
(266, 266, 87, '2014-01-12 07:10:56'),
(267, 267, 87, '2014-01-12 07:10:56'),
(268, 268, 87, '2014-01-12 07:10:56'),
(269, 269, 87, '2014-01-12 07:10:56'),
(270, 270, 87, '2014-01-12 07:10:56'),
(271, 271, 86, '2014-01-12 07:10:56'),
(272, 272, 99, '2014-01-12 07:10:56'),
(273, 273, 98, '2014-01-12 07:10:56'),
(274, 274, 99, '2014-01-12 07:10:56'),
(275, 275, 98, '2014-01-12 07:10:56'),
(276, 276, 98, '2014-01-12 07:10:56'),
(277, 277, 97, '2014-01-12 07:10:56'),
(278, 278, 99, '2014-01-12 07:10:56'),
(279, 279, 97, '2014-01-12 07:10:56'),
(280, 280, 99, '2014-01-12 07:10:56'),
(281, 281, 97, '2014-01-12 07:10:56'),
(282, 282, 97, '2014-01-12 07:10:56'),
(283, 283, 98, '2014-01-12 07:10:56'),
(284, 284, 97, '2014-01-12 07:10:56'),
(285, 285, 97, '2014-01-12 07:10:56'),
(286, 286, 97, '2014-01-12 07:10:56'),
(287, 287, 97, '2014-01-12 07:10:57'),
(288, 288, 99, '2014-01-12 07:10:57'),
(289, 289, 98, '2014-01-12 07:10:57'),
(290, 290, 97, '2014-01-12 07:10:57'),
(291, 291, 99, '2014-01-12 07:10:57'),
(292, 292, 97, '2014-01-12 07:10:57'),
(293, 293, 98, '2014-01-12 07:10:57'),
(294, 294, 99, '2014-01-12 07:10:57'),
(295, 295, 98, '2014-01-12 07:10:57'),
(296, 296, 97, '2014-01-12 07:10:57'),
(297, 297, 98, '2014-01-12 07:10:57'),
(298, 298, 99, '2014-01-12 07:10:57'),
(299, 299, 98, '2014-01-12 07:10:57'),
(300, 300, 99, '2014-01-12 07:10:57'),
(301, 301, 97, '2014-01-12 07:10:57'),
(302, 302, 98, '2014-01-12 07:10:57'),
(303, 303, 97, '2014-01-12 07:10:57'),
(304, 304, 97, '2014-01-12 07:10:57'),
(305, 305, 99, '2014-01-12 07:10:57'),
(306, 306, 98, '2014-01-12 07:10:57'),
(307, 307, 99, '2014-01-12 07:10:57'),
(308, 308, 97, '2014-01-12 07:10:57'),
(309, 309, 98, '2014-01-12 07:10:57'),
(310, 310, 97, '2014-01-12 07:10:58'),
(311, 311, 109, '2014-01-12 07:10:58'),
(312, 312, 110, '2014-01-12 07:10:58'),
(313, 313, 109, '2014-01-12 07:10:58'),
(314, 314, 109, '2014-01-12 07:10:58'),
(315, 315, 108, '2014-01-12 07:10:58'),
(316, 316, 110, '2014-01-12 07:10:58'),
(317, 317, 109, '2014-01-12 07:10:58'),
(318, 318, 110, '2014-01-12 07:10:58'),
(319, 319, 108, '2014-01-12 07:10:58'),
(320, 320, 110, '2014-01-12 07:10:58'),
(321, 321, 110, '2014-01-12 07:10:58'),
(322, 322, 109, '2014-01-12 07:10:58'),
(323, 323, 109, '2014-01-12 07:10:58'),
(324, 324, 110, '2014-01-12 07:10:58'),
(325, 325, 109, '2014-01-12 07:10:58'),
(326, 326, 110, '2014-01-12 07:10:58'),
(327, 327, 110, '2014-01-12 07:10:58'),
(328, 328, 109, '2014-01-12 07:10:58'),
(329, 329, 110, '2014-01-12 07:10:58'),
(330, 330, 109, '2014-01-12 07:10:58'),
(331, 331, 108, '2014-01-12 07:10:58'),
(332, 332, 109, '2014-01-12 07:10:58'),
(333, 333, 110, '2014-01-12 07:10:58'),
(334, 334, 109, '2014-01-12 07:10:58'),
(335, 335, 108, '2014-01-12 07:10:58'),
(336, 336, 109, '2014-01-12 07:10:59'),
(337, 337, 110, '2014-01-12 07:10:59'),
(338, 338, 108, '2014-01-12 07:10:59'),
(339, 339, 110, '2014-01-12 07:10:59'),
(340, 340, 110, '2014-01-12 07:10:59'),
(341, 341, 108, '2014-01-12 07:10:59'),
(342, 342, 108, '2014-01-12 07:10:59'),
(343, 343, 109, '2014-01-12 07:10:59'),
(344, 344, 109, '2014-01-12 07:10:59'),
(345, 345, 108, '2014-01-12 07:10:59'),
(346, 346, 110, '2014-01-12 07:10:59'),
(347, 347, 121, '2014-01-12 07:10:59'),
(348, 348, 120, '2014-01-12 07:10:59'),
(349, 349, 121, '2014-01-12 07:10:59'),
(350, 350, 121, '2014-01-12 07:10:59'),
(351, 351, 119, '2014-01-12 07:10:59'),
(352, 352, 120, '2014-01-12 07:10:59'),
(353, 353, 120, '2014-01-12 07:10:59'),
(354, 354, 119, '2014-01-12 07:10:59'),
(355, 355, 120, '2014-01-12 07:10:59'),
(356, 356, 121, '2014-01-12 07:10:59'),
(357, 357, 121, '2014-01-12 07:10:59'),
(358, 358, 121, '2014-01-12 07:10:59'),
(359, 359, 121, '2014-01-12 07:10:59'),
(360, 360, 121, '2014-01-12 07:10:59'),
(361, 361, 120, '2014-01-12 07:10:59'),
(362, 362, 120, '2014-01-12 07:10:59'),
(363, 363, 119, '2014-01-12 07:11:00'),
(364, 364, 121, '2014-01-12 07:11:00'),
(365, 365, 121, '2014-01-12 07:11:00'),
(366, 366, 120, '2014-01-12 07:11:00'),
(367, 367, 119, '2014-01-12 07:11:00'),
(368, 368, 121, '2014-01-12 07:11:00'),
(369, 369, 121, '2014-01-12 07:11:00'),
(370, 370, 119, '2014-01-12 07:11:00'),
(371, 371, 121, '2014-01-12 07:11:00'),
(372, 372, 121, '2014-01-12 07:11:00'),
(373, 373, 120, '2014-01-12 07:11:00'),
(374, 374, 119, '2014-01-12 07:11:00'),
(375, 375, 121, '2014-01-12 07:11:00'),
(376, 376, 121, '2014-01-12 07:11:00'),
(377, 377, 119, '2014-01-12 07:11:00'),
(378, 378, 119, '2014-01-12 07:11:00'),
(379, 379, 121, '2014-01-12 07:11:00'),
(380, 380, 119, '2014-01-12 07:11:00'),
(381, 381, 120, '2014-01-12 07:11:00'),
(382, 382, 121, '2014-01-12 07:11:00'),
(383, 383, 119, '2014-01-12 07:11:00'),
(384, 384, 121, '2014-01-12 07:11:00'),
(385, 385, 119, '2014-01-12 07:11:00'),
(386, 386, 120, '2014-01-12 07:11:00'),
(387, 387, 121, '2014-01-12 07:11:00'),
(388, 388, 121, '2014-01-12 07:11:00'),
(389, 389, 120, '2014-01-12 07:11:00'),
(390, 390, 119, '2014-01-12 07:11:00'),
(391, 391, 119, '2014-01-12 07:11:01'),
(392, 392, 121, '2014-01-12 07:11:01'),
(393, 393, 130, '2014-01-12 07:11:01'),
(394, 394, 132, '2014-01-12 07:11:01'),
(395, 395, 131, '2014-01-12 07:11:01'),
(396, 396, 131, '2014-01-12 07:11:01'),
(397, 397, 131, '2014-01-12 07:11:01'),
(398, 398, 131, '2014-01-12 07:11:01'),
(399, 399, 130, '2014-01-12 07:11:01'),
(400, 400, 130, '2014-01-12 07:11:01'),
(401, 401, 130, '2014-01-12 07:11:01'),
(402, 402, 131, '2014-01-12 07:11:01'),
(403, 403, 132, '2014-01-12 07:11:01'),
(404, 404, 131, '2014-01-12 07:11:01'),
(405, 405, 131, '2014-01-12 07:11:01'),
(406, 406, 132, '2014-01-12 07:11:01'),
(407, 407, 132, '2014-01-12 07:11:01'),
(408, 408, 132, '2014-01-12 07:11:01'),
(409, 409, 131, '2014-01-12 07:11:01'),
(410, 410, 132, '2014-01-12 07:11:01'),
(411, 411, 132, '2014-01-12 07:11:01'),
(412, 412, 130, '2014-01-12 07:11:01'),
(413, 413, 132, '2014-01-12 07:11:01'),
(414, 414, 132, '2014-01-12 07:11:01'),
(415, 415, 131, '2014-01-12 07:11:01'),
(416, 416, 132, '2014-01-12 07:11:02'),
(417, 417, 131, '2014-01-12 07:11:02'),
(418, 418, 131, '2014-01-12 07:11:02'),
(419, 419, 130, '2014-01-12 07:11:02'),
(420, 420, 131, '2014-01-12 07:11:02'),
(421, 421, 131, '2014-01-12 07:11:02'),
(422, 422, 130, '2014-01-12 07:11:02'),
(423, 423, 130, '2014-01-12 07:11:02'),
(424, 424, 131, '2014-01-12 07:11:02'),
(425, 425, 130, '2014-01-12 07:11:02'),
(426, 426, 132, '2014-01-12 07:11:02');

--
-- Dumping data for table `subject`
--

REPLACE INTO `subject` (`idsubject`, `subject_code`, `subject_name`, `modified_time`) VALUES
(1, 'ASA200801', 'Saivism', '2014-01-12 05:47:17'),
(2, 'ATL200802', 'Tamil Language', '2014-01-12 05:47:18'),
(3, 'AEL200803', 'English Language', '2014-01-12 05:47:18'),
(4, 'SMA200804', 'Mathematics', '2014-01-12 05:47:18'),
(5, 'SST200805', 'Science & Technology', '2014-01-12 05:47:19'),
(6, 'AHS200806', 'History', '2014-01-12 05:47:19'),
(7, 'CBA200807', 'Bussiness & Accounting', '2014-01-12 05:47:19'),
(8, 'TIT201208', 'Information And Communication Technology', '2014-01-12 05:47:19'),
(9, 'AAD200409', 'Art & Drawings', '2014-01-12 05:47:20'),
(10, 'ACM200410', 'Carnatic Music', '2014-01-12 05:47:20'),
(11, 'ADN200411', 'Dance', '2014-01-12 05:47:20');

--
-- Dumping data for table `user_role`
--

REPLACE INTO `user_role` (`iduser_role`, `name`) VALUES
(1, 'admin'),
(2, 'manager');
SET FOREIGN_KEY_CHECKS=1;
COMMIT;

/*!40101 SET CHARACTER_SET_CLIENT=@OLD_CHARACTER_SET_CLIENT */;
/*!40101 SET CHARACTER_SET_RESULTS=@OLD_CHARACTER_SET_RESULTS */;
/*!40101 SET COLLATION_CONNECTION=@OLD_COLLATION_CONNECTION */;
